"A.T. Still University of Health Sciences","https://www.facebook.com/atstilluniversity","http://twitter.com/ATSU_news","https://www.youtube.com/user/atstilluniversity","http://www.linkedin.com/company/a.t.-still-university","http%3A%2F%2Fwww.atsu.edu%2Fcontact%2Fatsu-social-feed",""
"Abilene Christian University","http://www.facebook.com/abilenechristian","http://www.twitter.com/acuedu","http://www.youtube.com/acu","http://www.linkedin.com/groups?viewMembers=&gid=1910637&sik=1281686963691","http%3A%2F%2Fnews.google.com%2Fnews%3Fum%3D1%26ned%3Dus%26hl%3Den%26q%3D%2BAbilene%2BChristian%2BUniversity%26output%3Drss",""
"Abraham Baldwin Agricultural College","https://www.facebook.com/1908ABAC","https://twitter.com/ABAC_College","http://www.youtube.com/user/TheABACStallion","https://www.linkedin.com/edu/school?id=32433","http%3A%2F%2Fnews.google.com%2Fnews%3Fum%3D1%26ned%3Dus%26hl%3Den%26q%3D%2BAbraham%2BBaldwin%2BAgricultural%2BCollege%26output%3Drss",""
"Adelphi University","http://www.facebook.com/AdelphiU","http://twitter.com/AdelphiU","http://www.youtube.com/AdelphiUniv","https://www.linkedin.com/edu/adelphi-university-18909","http%3A%2F%2Fnews.google.com%2Fnews%3Fum%3D1%26ned%3Dus%26hl%3Den%26q%3D%2BAdelphi%2BUniversity%26output%3Drss",""
"Adrian College","https://www.facebook.com/adriancollegebulldogs","http://www.twitter.com/adriancollege/","http://www.youtube.com/user/TheACBulldogs/","http://www.linkedin.com/in/adriancollege","http%3A%2F%2Fnews.google.com%2Fnews%3Fum%3D1%26ned%3Dus%26hl%3Den%26q%3D%2BAdrian%2BCollege%26output%3Drss",""
"Adrian ISD #511","","","","","http%3A%2F%2Fnews.google.com%2Fnews%3Fum%3D1%26ned%3Dus%26hl%3Den%26q%3D%2BAdrian%2BISD%2B%23511%26output%3Drss",""
"Agnes Scott College","https://www.facebook.com/agnesscottcollege","https://twitter.com/agnesscott","http://www.youtube.com/agnesscottcollege","https://www.linkedin.com/company/agnes-scott-college","http%3A%2F%2Fnews.google.com%2Fnews%3Fum%3D1%26ned%3Dus%26hl%3Den%26q%3D%2BAgnes%2BScott%2BCollege%26output%3Drss",""
"Agua Fria Union High School District #216","http://www.facebook.com/AFUHSD","http://twitter.com/AFUHSD216","","","http%3A%2F%2Fnews.google.com%2Fnews%3Fum%3D1%26ned%3Dus%26hl%3Den%26q%3D%2BAgua%2BFria%2BUnion%2BHigh%2BSchool%2BDistrict%2B%23216%26output%3Drss",""
"Aiken County School District","https://www.facebook.com/pages/Aiken-County-Public-School-District/185555488143449","https://twitter.com/ACPSDistrict","","https://www.linkedin.com/company/aiken-county-public-school-district","http%3A%2F%2Facps.schoolfusion.us%2Fmodules%2Ftt%2FrssHome.phtml%3Fsessionid%3D8e6f67873a89a3546c5aa2c92782312c",""
"Aims Community College","http://www.facebook.com/aimsfan/","http://www.twitter.com/aimscc/","http://www.youtube.com/user/AimsCeeCee/","https://www.linkedin.com/company/aims-community-college","http%3A%2F%2Fnews.google.com%2Fnews%3Fum%3D1%26ned%3Dus%26hl%3Den%26q%3D%2BAims%2BCommunity%2BCollege%26output%3Drss",""
"Alabama State University","http://www.facebook.com/pages/Alabama-State/149537805116515?sk=wall","https://twitter.com/ASUHornetNation","http://www.youtube.com/ASUHornetNation","https://www.linkedin.com/edu/school?id=17720","http%3A%2F%2Fwww.alasu.edu%2Fnews%2Frss-news%2Findex.aspx",""
"Albany State University","https://www.facebook.com/AlbanyStateUniversity","https://twitter.com/AlbanyStateUniv","http://www.youtube.com/channel/UCqpaH0hGmQjtw1CCg02VoPg/","https://www.linkedin.com/edu/school?id=19026","http%3A%2F%2Fnews.google.com%2Fnews%3Fum%3D1%26ned%3Dus%26hl%3Den%26q%3D%2BAlbany%2BState%2BUniversity%26output%3Drss",""
"Albion College","http://www.facebook.com/albioncollege","https://twitter.com/albioncollege","http://www.youtube.com/user/AlbionCollege","https://www.linkedin.com/edu/albion-college-20025","http%3A%2F%2Fnews.google.com%2Fnews%3Fum%3D1%26ned%3Dus%26hl%3Den%26q%3D%2BAlbion%2BCollege%26output%3Drss",""
"Albuquerque Academy","https://www.facebook.com/albuquerqueacademy","https://twitter.com/AlbAcademy","https://www.youtube.com/user/AlbAcademyVideo","https://www.linkedin.com/company/albuquerque-academy","http%3A%2F%2Fnews.google.com%2Fnews%3Fum%3D1%26ned%3Dus%26hl%3Den%26q%3D%2BAlbuquerque%2BAcademy%26output%3Drss",""
"Alcorn State University","https://www.facebook.com/AlcornStateU","http://www.twitter.com/AlcornStateU","http://www.youtube.com/user/ASUalcorn","https://www.linkedin.com/edu/alcorn-state-university-18734","http%3A%2F%2Fnews.google.com%2Fnews%3Fum%3D1%26ned%3Dus%26hl%3Den%26q%3D%2BAlcorn%2BState%2BUniversity%26output%3Drss",""
"Alexandria City Public Schools","https://www.facebook.com/acpsk12","https://twitter.com/ACPSk12","http://www.youtube.com/user/acpstv","https://www.linkedin.com/pub/alexandria-city-public-schools/66/70b/924","http%3A%2F%2Fwww.acps.k12.va.us%2Fnews%2Frss%2F",""
"Alfred State College of Technology","https://www.facebook.com/AlfredStateCollege","https://twitter.com/AlfredState","https://www.youtube.com/user/AlfredStateCollege","https://www.linkedin.com/edu/alfred-state-college---suny-college-of-technology-21178","http%3A%2F%2Fwww.alfredstate.edu%2Fnews-feed.xml",""
"Alfred University","http://www.facebook.com/AlfredUniversity","http://twitter.com/alfredu","http://www.youtube.com/user/AlfredUniv#p/u","https://www.linkedin.com/edu/alfred-university-18915","http%3A%2F%2Fwww.alfred.edu%2FxmlFeeds%2Fnewsfeed.xml",""
"Alhambra Unified School District","https://www.facebook.com/pages/Alhambra-Unified-School-Distri/151520271556128","","","","http%3A%2F%2Fwww.ausd.us%2Fapps%2Fnews%2Frss%3Fcategoryid%3D1463",""
"Allegany County Board of Education","https://www.facebook.com/acpsmd","https://twitter.com/ACPS_Supt","","","http%3A%2F%2Fwww.acpsmd.org%2Fsite%2FRSS.aspx%3FDomainID%3D4%26ModuleInstanceID%3D4%26PageID%3D1%2F",""
"Allen Park Public Schools","http://www.facebook.com/pages/Allen-Park-Public-Schools/452681338096242/","","","","http%3A%2F%2Fnews.google.com%2Fnews%3Fum%3D1%26ned%3Dus%26hl%3Den%26q%3D%2BAllen%2BPark%2BPublic%2BSchools%26output%3Drss",""
"Alliant International University","https://www.facebook.com/AlliantInternationalUniversity","http://www.twitter.com/#!/AlliantU/","http://www.youtube.com/user/AlliantIntlUniv1","http://www.linkedin.com/companies/alliant-international-university","https%3A%2F%2Fais.alliant.edu%2Fcgi-bin%2Fpublic%2Fcrsschd.cgi",""
"Alma College","http://www.facebook.com/pages/Alma-MI/Alma-College/133636558992","http://twitter.com/almacollege","https://www.youtube.com/almacollege","https://www.linkedin.com/edu/alma-college-20392","http%3A%2F%2Fwww.alma.edu%2Flive%2Frss%2Fnews%2Fmax%2F5%2Fgroup%2FNewsroom",""
"Alvernia University","http://www.facebook.com/AlverniaUniversity","https://twitter.com/AlverniaUniv","http://www.youtube.com/user/AlverniaU","https://www.linkedin.com/company/alvernia-university","http%3A%2F%2Fnews.google.com%2Fnews%3Fum%3D1%26ned%3Dus%26hl%3Den%26q%3D%2BAlvernia%2BUniversity%26output%3Drss",""
"Amarillo College","http://www.facebook.com/amarillocollege","http://www.twitter.com/amarillocollege","http://www.youtube.com/user/AmarilloCollege/","https://www.linkedin.com/edu/amarillo-college-21058","http%3A%2F%2Fnews.google.com%2Fnews%3Fum%3D1%26ned%3Dus%26hl%3Den%26q%3D%2BAmarillo%2BCollege%26output%3Drss",""
"American International College","https://www.facebook.com/AmericanInternationalCollege","https://twitter.com/AIConCampus","http://www.youtube.com/user/AICSPRINGFIELDMA/","https://www.linkedin.com/company/american-international-college","http%3A%2F%2Fnews.google.com%2Fnews%3Fum%3D1%26ned%3Dus%26hl%3Den%26q%3D%2BAmerican%2BInternational%2BCollege%26output%3Drss",""
"Amherst College","http://www.facebook.com/pages/Amherst-MA/Amherst-College/6099747981","http://twitter.com/amherstcollege","http://www.youtube.com/user/amherstcollege","https://www.linkedin.com/edu/school?id=19914&trk=tyah&trkInfo=tarId%3A1401301915394%2Ctas%3Aamherst%20college%2Cidx%3A3-1-12","http%3A%2F%2Fnews.google.com%2Fnews%3Fum%3D1%26ned%3Dus%26hl%3Den%26q%3D%2BAmherst%2BCollege%26output%3Drss",""
"Ancilla College","https://www.facebook.com/ancilladominicollege","https://twitter.com/ancillacollege","http://www.youtube.com/user/MyAncillaCollege","https://www.linkedin.com/company/ancilla-college","http%3A%2F%2Fnews.google.com%2Fnews%3Fum%3D1%26ned%3Dus%26hl%3Den%26q%3D%2BAncilla%2BCollege%26output%3Drss",""
"Anderson University","http://www.facebook.com/AndersonUniversitySC","http://www.twitter.com/AndersonUnivSC","http://www.youtube.com/user/AndersonUniversitySC","https://www.linkedin.com/edu/anderson-university-%28sc%29-22461","http%3A%2F%2Fnews.google.com%2Fnews%3Fum%3D1%26ned%3Dus%26hl%3Den%26q%3D%2BAnderson%2BUniversity%26output%3Drss",""
"Andrew College","http://www.facebook.com/pages/Andrew-College/21470970106?ref=ts","http://twitter.com/AndrewCollege","https://www.youtube.com/user/AndrewCollegeGeorgia","https://www.linkedin.com/edu/andrew-college-34720","http%3A%2F%2Fwww.andrewcollege.edu%2Fevents%2Ffeed",""
"Andrews University","https://www.facebook.com/andrewsuniversity","https://twitter.com/andrewsuniv","http://www.youtube.com/channel/UCULcNSIicKJBVEpRXn2RATA","https://www.linkedin.com/edu/school?id=18591","http%3A%2F%2Fwww.andrews.edu%2Fagenda%2Ffeed%2FAgenda%3A%2BCampus%2BNews%2F",""
"Angelo State University","http://www.facebook.com/angelostateuniversity","http://www.twitter.com/AngeloState/","https://www.youtube.com/angelostateu","https://www.linkedin.com/edu/school?id=19451","http%3A%2F%2Fwww.angelo.edu%2Fcontent%2Frss%2Fnews%2Fgroup%2FNews%2Fexclude_tag%2FNews%2520Feature%2Fexclude_tag%2FI%2520Chose%2520ASU%2Fexclude_tag%2FNo%2520Homepage",""
"Anne Arundel Community College","https://www.facebook.com/AnneArundelCommunityCollege","https://twitter.com/AnneArundelCC","http://www.youtube.com/user/AAMCNews","https://www.linkedin.com/edu/school?id=20158","http%3A%2F%2Fwww.aacc.edu%2Fsp%2Frss%2Faacc_home_rss.xml",""
"Anne Arundel County Public Schools","http://facebook.com/aacps","https://twitter.com/AACountySchools","http://www.youtube.com/channel/UCJSUzdLr48I6r69fxFdK_tw","https://www.linkedin.com/company/anne-arundel-county-public-schools","http%3A%2F%2Fnews.google.com%2Fnews%3Fum%3D1%26ned%3Dus%26hl%3Den%26q%3D%2BAnne%2BArundel%2BCounty%2BPublic%2BSchools%26output%3Drss",""
"Arcadia University","http://www.facebook.com/arcadia.university/","https://twitter.com/arcadia1853","http://www.youtube.com/user/ArcadiaUnivNews","https://www.linkedin.com/edu/arcadia-university-19220","http%3A%2F%2Fnews.google.com%2Fnews%3Fum%3D1%26ned%3Dus%26hl%3Den%26q%3D%2BArcadia%2BUniversity%26output%3Drss",""
"Archdiocese of San Antonio","https://www.facebook.com/ArchdioceseOfSanAntonio","https://twitter.com/SAVocations","http://www.youtube.com/user/archdiosa/","http://www.linkedin.com/company/archdiocese-of-san-antonio/","http%3A%2F%2Fnews.google.com%2Fnews%3Fum%3D1%26ned%3Dus%26hl%3Den%26q%3D%2BArchdiocese%2Bof%2BSan%2BAntonio%26output%3Drss",""
"Arizona Western College","http://www.facebook.com/pages/Yuma-AZ/Arizona-Western-College/151417306672","http://twitter.com/ArizonaWestern","http://www.youtube.com/user/AWCTV","https://www.linkedin.com/edu/arizona-western-college-32083","http%3A%2F%2Fwww.azwestern.edu%2Fnews%2Fnews_rss.xml",""
"Arkansas State University - Beebe","https://www.facebook.com/ASUBeebe","https://twitter.com/ASUBeebe","","https://www.linkedin.com/company/arkansas-state-university-beebe","http%3A%2F%2Fnews.google.com%2Fnews%3Fum%3D1%26ned%3Dus%26hl%3Den%26q%3D%2BArkansas%2BState%2BUniversity%2B-%2BBeebe%26output%3Drss",""
"Arkansas Tech University","http://www.facebook.com/arkansastech","http://twitter.com/arkansastech","http://www.youtube.com/arkansastech","https://www.linkedin.com/edu/arkansas-tech-university-17752","http%3A%2F%2Ffeeds.feedburner.com%2FArkansasTechNews",""
"Arlington Public Schools","https://www.facebook.com/ArlingtonPublicSchools","https://twitter.com/APSVirginia","http://www.youtube.com/user/AETVaps","https://www.linkedin.com/company/arlington-public-schools","http%3A%2F%2Fwww.apsva.us%2Fsite%2FRSS.aspx%3FDomainID%3D1%26ModuleInstanceID%3D8096%26PageID%3D1%2F",""
"Art Center College of Design","https://www.facebook.com/artcenteredu","https://twitter.com/artcenteredu","http://www.youtube.com/user/artcenteredu?hl=en&gl=IL","https://www.linkedin.com/edu/school?id=17802","http%3A%2F%2Fnews.google.com%2Fnews%3Fum%3D1%26ned%3Dus%26hl%3Den%26q%3D%2BArt%2BCenter%2BCollege%2Bof%2BDesign%26output%3Drss",""
"Asbury Theological Seminary","https://www.facebook.com/AsburySeminary","https://twitter.com/asburyseminary","https://www.youtube.com/user/AsburySeminary","http://www.linkedin.com/company/asbury-theological-seminary","http%3A%2F%2Fnews.google.com%2Fnews%3Fum%3D1%26ned%3Dus%26hl%3Den%26q%3D%2BAsbury%2BTheological%2BSeminary%26output%3Drss",""
"Asbury University","https://www.facebook.com/AsburyUniversity","https://twitter.com/AsburyUniv","https://youtube.com/AsburyUniversity","http://www.linkedin.com/company/20985?trk=edu-cp-sa-cname","http%3A%2F%2Fnews.google.com%2Fnews%3Fum%3D1%26ned%3Dus%26hl%3Den%26q%3D%2BAsbury%2BUniversity%26output%3Drss",""
"Ashford University","https://www.facebook.com/ashforduniversity","https://twitter.com/#!/AshfordU","https://www.youtube.com/user/AshfordUniversity?feature=mhum","http://www.linkedin.com/groups/Ashford-University-Alumni-Students-3743681?gid=3743681&mostPopular=&trk=tyah","http%3A%2F%2Fwww.mediaroom.ashford.edu%2Findex.php%3Fs%3D26576%26pagetemplate%3Drss%2F",""
"Ashland University","http://www.facebook.com/AshlandUniversity","https://twitter.com/ashland_univ","http://www.youtube.com/user/ashlandedu","https://www.linkedin.com/edu/ashland-university-19083","http%3A%2F%2Fwww.ashland.edu%2Fnews%2Ffeatured%2Ffeed",""
"Association of Independent Kentucky Colleges & Universities (AIKCU)","http://www.facebook.com/AIKCU","https://twitter.com/aikcu","","","http%3A%2F%2Fnews.google.com%2Fnews%3Fum%3D1%26ned%3Dus%26hl%3Den%26q%3D%2BAssociation%2Bof%2BIndependent%2BKentucky%2BColleges%2B%26%2BUniversities%2B%28AIKCU%29%26output%3Drss",""
"Athens State University","http://www.facebook.com/athensstateuniversity","http://www.twitter.com/athensstuniv","http://www.youtube.com/athensstate","http://www.linkedin.com/groups?home=&gid=4540293&trk=anet_ug_hm","http%3A%2F%2Fnews.google.com%2Fnews%3Fum%3D1%26ned%3Dus%26hl%3Den%26q%3D%2BAthens%2BState%2BUniversity%26output%3Drss",""
"Atlanta Public Schools","http://www.facebook.com/AtlantaPublicSchools","http://twitter.com/apsupdate","http://www.youtube.com/user/apsupdate?feature=mhum","https://www.linkedin.com/company/atlanta-public-schools","http%3A%2F%2Fwww.atlanta.k12.ga.us%2Fsite%2FRSS.aspx%3FDomainID%3D4152%26ModuleInstanceID%3D38067%26PageID%3D18567%2F",""
"Attalla City Schools","http://www.facebook.com/pages/Attalla-City-Schools/115040545173250/","https://twitter.com/AttallaSchools","","","http%3A%2F%2Fnews.google.com%2Fnews%3Fum%3D1%26ned%3Dus%26hl%3Den%26q%3D%2BAttalla%2BCity%2BSchools%26output%3Drss",""
"Augsburg College","http://www.facebook.com/augsburgcollege/","http://www.twitter.com/augsburgcollege","http://www.youtube.com/augsburgcollege","http://www.linkedin.com/company/augsburgcollege","http%3A%2F%2Fnews.google.com%2Fnews%3Fum%3D1%26ned%3Dus%26hl%3Den%26q%3D%2BAugsburg%2BCollege%26output%3Drss",""
"Augusta State University","https://www.facebook.com/pages/Augusta-State-University/109579755728058","","http://www.youtube.com/user/AugustaState","https://www.linkedin.com/edu/school?id=18143","http%3A%2F%2Fwww.topix.com%2Frss%2Fcolleges%2Faugusta-state-university",""
"Augustana College","https://www.facebook.com/AugustanaSD","https://twitter.com/augustanasd","https://www.youtube.com/user/AugustanaCollege","https://www.linkedin.com/company/227550","http%3A%2F%2Fwww.augie.edu%2Frss.xml",""
"Auraria Higher Education Center","https://www.facebook.com/auraria","https://twitter.com/AurariaCampus","","https://www.linkedin.com/company/auraria-higher-education-center","http%3A%2F%2Fwww.ahec.edu%2Ffeed%2Fannouncements.rss",""
"Austin Community College District","http://www.facebook.com/ACCDistrict","http://twitter.com/accdistrict","http://www.youtube.com/accdistrict","http://www.linkedin.com/edu/school?id=20084","http%3A%2F%2Fnews.google.com%2Fnews%3Fum%3D1%26ned%3Dus%26hl%3Den%26q%3D%2BAustin%2BCommunity%2BCollege%2BDistrict%26output%3Drss",""
"Austin Independent School District","http://www.facebook.com/pages/Austin-ISD/129420543776122?ref=ts","https://twitter.com/austinisd","http://www.youtube.com/austinisdschools","https://www.linkedin.com/company/aisd","http%3A%2F%2Fwww.austinisd.org%2Frss.xml",""
"Austin Peay State University","http://www.facebook.com/austinpeay","http://www.twitter.com/austinpeay","http://www.youtube.com/apsu1927","https://www.linkedin.com/company/austin-peay-state-university","http%3A%2F%2Fwww.apsu.edu%2Fnews%2Ffeed",""
"Austintown Local Schools","https://www.facebook.com/pages/Austintown-Local-Schools/137888622925520","http://www.twitter.com/search?q=Austintown%20Local%20School%20District&src=tyah/","","","http%3A%2F%2Fwww.austintownschools.org%2FrssNews.ashx",""
"Azusa Pacific University","https://www.facebook.com/azusapacific","http://twitter.com/azusapacific","http://www.youtube.com/user/UniversityRelations","https://www.linkedin.com/company/azusa-pacific-university","http%3A%2F%2Fwww.apu.edu%2Frss%2F",""
"B.E.L.L. Foundation, Inc.","http://www.facebook.com/experiencebell","http://twitter.com/#!/experiencebell","http://www.youtube.com/experienceBELL","http://www.linkedin.com/company/bell-building-educated-leaders-for-life-_2","http%3A%2F%2Fnews.google.com%2Fnews%3Fum%3D1%26ned%3Dus%26hl%3Den%26q%3D%2BB.E.L.L.%2BFoundation%2C%2BInc.%26output%3Drss",""
"Babson College","http://www.facebook.com/babsoncollege","https://twitter.com/babson","http://www.youtube.com/user/BabsonMedia","https://www.linkedin.com/edu/school?id=18451","http%3A%2F%2Fnews.google.com%2Fnews%3Fum%3D1%26ned%3Dus%26hl%3Den%26q%3D%2BBabson%2BCollege%26output%3Drss",""
"Baker College","https://www.facebook.com/bakercollege","https://twitter.com/bakercollege","https://www.youtube.com/baker","https://www.linkedin.com/company/baker-college","http%3A%2F%2Fwww.topix.com%2Frss%2Fcolleges%2Fbaker-college%2F",""
"Baldwin County Board of Education","https://www.facebook.com/pages/Baldwin-County-Board-of-Education/132526500119339","https://twitter.com/BCBESchools","http://www.youtube.com/user/BCCommission","","http%3A%2F%2Fnews.google.com%2Fnews%3Fum%3D1%26ned%3Dus%26hl%3Den%26q%3D%2BBaldwin%2BCounty%2BBoard%2Bof%2BEducation%26output%3Drss",""
"Baldwin Park Unified School District","https://www.facebook.com/pages/Baldwin-Park-Unified-School-District/201101913245398","","","https://www.linkedin.com/company/baldwin-park-unified-school-district","http%3A%2F%2Fwww.bpusd.net%2Fportal%2Frss%3Fd%3Dx%26return_url%3D1435771098851",""
"Baldwin Wallace College","http://www.facebook.com/baldwinwallaceuniversity","https://twitter.com/BaldwinWallace","http://www.youtube.com/BaldwinWallace","http://www.linkedin.com/company/baldwin-wallace-university","http%3A%2F%2Fwww.topix.net%2Frss%2Fcolleges%2Fbaldwin-wallace-college",""
"Baltimore City Community College","https://www.facebook.com/bmoreccc","https://twitter.com/bmoreccc","http://www.youtube.com/user/BCCCNews","https://www.linkedin.com/company/baltimore-city-community-college","http%3A%2F%2Fnews.google.com%2Fnews%3Fum%3D1%26ned%3Dus%26hl%3Den%26q%3D%2BBaltimore%2BCity%2BCommunity%2BCollege%26output%3Drss",""
"Baltimore County Public Schools","https://www.facebook.com/BaltCoPS","http://twitter.com/DDance_BCPS","http://www.youtube.com/user/BaltCoPS","https://www.linkedin.com/company/baltimore-county-public-schools","http%3A%2F%2Fwww.bcps.org%2Ffeeds%2F",""
"Bancroft NeuroHealth","http://www.facebook.com/BancroftOrg","https://twitter.com/#!/BancroftOrg","","https://www.linkedin.com/company/bancroft-neurohealth","http%3A%2F%2Fnews.google.com%2Fnews%3Fum%3D1%26ned%3Dus%26hl%3Den%26q%3D%2BBancroft%2BNeuroHealth%26output%3Drss",""
"Bard College","https://www.facebook.com/BardCollegeNY","https://twitter.com/#!/BARDCollege/","http://www.youtube.com/user/bardwebvideo/","https://www.linkedin.com/edu/school?id=18917","http%3A%2F%2Fwww.digitalcommons.bard.edu%2Frecent.rss%2F",""
"Barton College","http://facebook.com/bartoncollege","http://twitter.com/bartoncollege","http://youtube.com/bartoncollege","https://www.linkedin.com/edu/school?id=21017","feed%3A%2F%2Fwww.barton.edu%2Fcategory%2Fnews%2Ffeed%2F",""
"Bates College","http://www.facebook.com/batescollege","http://twitter.com/BatesCollege","http://www.youtube.com/user/batesnews","https://www.linkedin.com/edu/bates-college-19917","http%3A%2F%2Fnews.google.com%2Fnews%3Fum%3D1%26ned%3Dus%26hl%3Den%26q%3D%2BBates%2BCollege%26output%3Drss",""
"Baugo Community Schools","https://www.facebook.com/BaugoCommunitySchools","https://twitter.com/Baugosuper","","https://www.linkedin.com/company/baugo-community-schools","http%3A%2F%2Fwww.baugo.org%2Fpro%2Fevents_rss.cfm%3Fdetailid%3D136275%26categoryid%3Dall%26categoryid2%3Dall",""
"Baylor College of Medicine","http://facebook.com/BaylorCollegeOfMedicine","http://twitter.com/bcmhouston","http://youtube.com/user/BCMweb","http://www.linkedin.com/company/baylor-college-of-medicine","http%3A%2F%2Fwww.momentumblog.bcm.edu%2Ffeed%2F",""
"Beachwood City School District","https://www.facebook.com/BeachwoodBison","https://twitter.com/BeachwoodBison","http://www.youtube.com/user/BeachwoodBisonTV","","http%3A%2F%2Fwww.beachwoodschools.org%2FRSS%2FNews%2F1921306725290402.rss",""
"Beacon Academy","https://www.facebook.com/beaconacademyboston","https://twitter.com/beaconboston","http://www.youtube.com/channel/UCFcnRu6CEESaj-ruU7KiMfg/","","http%3A%2F%2Fnews.google.com%2Fnews%3Fum%3D1%26ned%3Dus%26hl%3Den%26q%3D%2BBeacon%2BAcademy%26output%3Drss",""
"Beaumont Unified School District","https://www.facebook.com/BeaumontUSD?fref=photo","","","","http%3A%2F%2Fnews.google.com%2Fnews%3Fum%3D1%26ned%3Dus%26hl%3Den%26q%3D%2BBeaumont%2BUnified%2BSchool%2BDistrict%26output%3Drss",""
"Bedford County Public Schools","https://www.facebook.com/bedfordcountyps","https://twitter.com/BedCoSchools","","https://www.linkedin.com/company/bedford-county-public-service-authority","http%3A%2F%2Fnews.google.com%2Fnews%3Fum%3D1%26ned%3Dus%26hl%3Den%26q%3D%2BBedford%2BCounty%2BPublic%2BSchools%26output%3Drss",""
"Bellevue Community College","http://facebook.com/bellevuecollege/","http://twitter.com/bellevuecollege/","http://www.youtube.com/bellevuecollege","https://www.linkedin.com/groups?gid=159925","http%3A%2F%2Fwww.bellevuecollege.edu%2Fce%2Ffeed%2F",""
"Belmont Abbey College","https://www.facebook.com/belmontabbey","https://twitter.com/BelmontAbbey","http://www.youtube.com/user/belmontabbeycollege","https://www.linkedin.com/company/belmont-abbey-college","http%3A%2F%2Fwww.topix.com%2Frss%2Fcolleges%2Fbelmont-abbey-college",""
"Benedictine College","https://www.facebook.com/benedictinecollege","https://twitter.com/BenedictineKS","http://www.youtube.com/user/BenedictineCollege","https://www.linkedin.com/edu/school?id=18245","http%3A%2F%2Fwww.benedictine.edu%2Frss.xml",""
"Bennett College for Women","http://www.facebook.com/pages/Bennett-College/107254679356831","http://twitter.com/bennettcollege","https://www.youtube.com/user/BennettBelles","https://www.linkedin.com/edu/school?id=33445","http%3A%2F%2Fnews.google.com%2Fnews%3Fum%3D1%26ned%3Dus%26hl%3Den%26q%3D%2BBennett%2BCollege%2Bfor%2BWomen%26output%3Drss",""
"Bentley School","https://www.facebook.com/bentleyschool","https://twitter.com/bentleyschool","https://www.youtube.com/channel/UCdbKPgVYJtFG1sgOj_9hRTQ","https://www.linkedin.com/company/48445?trk=ncsrch_hits&goback=%2Efcs_GLHD_bentley+school_false_*2_*2_*2_*2_*2_*2_*2_*2_*2_*2_*2_*2","http%3A%2F%2Fnews.google.com%2Fnews%3Fum%3D1%26ned%3Dus%26hl%3Den%26q%3D%2BBentley%2BSchool%26output%3Drss",""
"Bentley University","http://www.facebook.com/bentleyuniversity","http://www.twitter.com/bentleyu","http://www.youtube.com/bentleyuniversity","https://www.linkedin.com/edu/bentley-university-18454","http%3A%2F%2Fwww.bentley.edu%2Fnewsroom%2Ffeed",""
"Bentworth School District","","","","","http%3A%2F%2Fnews.google.com%2Fnews%3Fum%3D1%26ned%3Dus%26hl%3Den%26q%3D%2BBentworth%2BSchool%2BDistrict%26output%3Drss",""
"Berea City School District","https://www.facebook.com/BereaCitySchools","https://twitter.com/forbereaschools","","http://www.linkedin.com/company/berea-city-school-district/","http%3A%2F%2Fesv745.eschoolview.com%2FRSS%2FNews%2F1841467865967202.rss",""
"Berkeley Unified School District","http://www.facebook.com/pages/Berkeley-Unified-School-District/112331932126083/","https://twitter.com/BerkeleyK12","http://www.youtube.com/channel/UCiV_rTw5lVpiPErXusD_KjQ/","","http%3A%2F%2Ffeeds.feedburner.com%2Fberkeleyschools",""
"Berklee College of Music","http://www.facebook.com/BerkleeCollege","http://www.twitter.com/BerkleeCollege","http://www.youtube.com/user/BerkleeCollege","https://www.linkedin.com/edu/school?id=19966","http%3A%2F%2Fwww.topix.net%2Frss%2Fcolleges%2Fberklee-college-of-music",""
"Berry College","http://www.facebook.com/berrycollege","http://twitter.com/berrycollege","http://www.youtube.com/berryweb","https://www.linkedin.com/edu/berry-college-18146","http%3A%2F%2Fwww.topix.net%2Frss%2Fcolleges%2Fberry-college",""
"Bessemer Board of Education","http://www.facebook.com/pages/Bessemer-Board-of-Education/109863615702525/","https://twitter.com/BCMSNC","","","http%3A%2F%2Fnews.google.com%2Fnews%3Fum%3D1%26ned%3Dus%26hl%3Den%26q%3D%2BBessemer%2BBoard%2Bof%2BEducation%26output%3Drss",""
"Bethany College","https://www.facebook.com/BethanyCollege","http://www.twitter.com/Bethany_College","http://www.youtube.com/user/BethanyCollege","https://www.linkedin.com/edu/bethany-college-20087","http%3A%2F%2Fwww.bethanywv.edu%2Findex.php%2Ftools%2Frss",""
"Bethel College","https://www.facebook.com/Bethel.College","https://twitter.com/BethelCollegeIN","http://www.youtube.com/user/BethelCollegeIndiana","https://www.linkedin.com/edu/bethel-college-18332","http%3A%2F%2Fwww.bethelcollege.edu%2Fnews%2Frss%2F",""
"Bethel University","http://www.facebook.com/bethelu","http://twitter.com/#!/betheluniv","https://www.youtube.com/channel/UCuea0FF8eFlVb8OFXzZzQ3A","https://www.linkedin.com/edu/bethel-university-18650","http%3A%2F%2Fwww.bethelu.edu%2Fnews%2Frss%2Fset%2F10",""
"Bexley City School District","https://www.facebook.com/BexleySchools","https://twitter.com/BexleySchools","http://www.youtube.com/channel/UCudNSVk4veFNpw0ryCFeaGw/","http://www.linkedin.com/company/bexley-city-schools/","http%3A%2F%2Fnews.google.com%2Fnews%3Fum%3D1%26ned%3Dus%26hl%3Den%26q%3D%2BBexley%2BCity%2BSchool%2BDistrict%26output%3Drss",""
"Billings Public Schools","https://www.facebook.com/pages/Billings-Public-Schools/152840278214260","https://twitter.com/BillingsMS","http://www.youtube.com/user/BPSTech","http://www.linkedin.com/company/billings-public-schools/","http%3A%2F%2Fnews.google.com%2Fnews%3Fum%3D1%26ned%3Dus%26hl%3Den%26q%3D%2BBillings%2BPublic%2BSchools%26output%3Drss",""
"Biola University","http://www.facebook.com/Biola","http://twitter.com/biolau","http://www.youtube.com/user/BiolaUniversity","http://www.linkedin.com/edu/school?id=17806&trk=tyah","http%3A%2F%2Fnow.biola.edu%2Fnews%2Ffeed%2Fall%2F",""
"Black Hawk College","http://www.facebook.com/blackhawkcollege","https://twitter.com/BHCRecruit","https://www.youtube.com/channel/UC5G0AOgyeZUhIRQ_Jvor1KA","https://www.linkedin.com/edu/school?id=32147","http%3A%2F%2Fwww.bhc.edu%2Fcategory%2Fannouncements%2Ffeed%2F",""
"Blinn College","https://www.facebook.com/pages/Blinn-College/9253921618","https://twitter.com/BlinnCollege","https://www.youtube.com/user/Blinn1883","https://www.linkedin.com/edu/school?id=21334&trk=edu-cp-title","http%3A%2F%2Fwww.calendar.blinn.edu%2Fevents%2Frss%2F",""
"Bloomfield College","http://www.facebook.com/bloomfieldcollegenj","http://twitter.com/BlmfldCollegeNJ","http://www.youtube.com/bloomfieldcollege","https://www.linkedin.com/edu/bloomfield-college-20456","http%3A%2F%2Fwww.bloomfield.edu%2Ffeed.rss%2F75%2F",""
"Bloomingdale School District 13","https://www.facebook.com/bloomingdaleschools13","https://twitter.com/BloomingdalePS","","https://www.linkedin.com/company/bloomingdale-school-district-13","http%3A%2F%2Fwww.sd13.org%2FRSS%2FNews%2F1481062225069602.rss",""
"Bloomsburg University","https://www.facebook.com/bloomuniversity","https://twitter.com/BloomsburgU","https://www.youtube.com/user/BloomUniversity","https://www.linkedin.com/edu/bloomsburg-university-of-pennsylvania-19222","http%3A%2F%2Fkepler.bloomu.edu%2F%3Ffeed%3Dfeed",""
"Blue Springs R-IV School District","http://www.facebook.com/pages/Blue-Springs-R-IV-School-District/144135105600319?fref=ts/","https://twitter.com/BSSDnews","","","http%3A%2F%2Fnews.google.com%2Fnews%3Fum%3D1%26ned%3Dus%26hl%3Den%26q%3D%2BBlue%2BSprings%2BR-IV%2BSchool%2BDistrict%26output%3Drss",""
"Bluefield College","https://www.facebook.com/bluefieldcollege","https://twitter.com/blfdcollege","http://www.youtube.com/user/BluefieldCollege?feature=mhum","https://www.linkedin.com/company/bluefield-college","http%3A%2F%2Fwww.topix.com%2Frss%2Fcolleges%2Fbluefield-college",""
"Board of Education for Town of Trumbull","https://www.facebook.com/pages/Trumbull-Board-Of-Education/214261051918476","https://twitter.com/TrumbullPS","","","http%3A%2F%2Fnews.google.com%2Fnews%3Fum%3D1%26ned%3Dus%26hl%3Den%26q%3D%2BBoard%2Bof%2BEducation%2Bfor%2BTown%2Bof%2BTrumbull%26output%3Drss",""
"Board of Higher Education for Town of Brookfield","","","","","http%3A%2F%2Fnews.google.com%2Fnews%3Fum%3D1%26ned%3Dus%26hl%3Den%26q%3D%2BBoard%2Bof%2BHigher%2BEducation%2Bfor%2BTown%2Bof%2BBrookfield%26output%3Drss",""
"Boise State University","http://www.facebook.com/BoiseStateLive","http://twitter.com/boisestatelive","http://www.youtube.com/user/BoiseStateUniversity","https://www.linkedin.com/edu/boise-state-university-18235","http%3A%2F%2Fnews.boisestate.edu%2Fupdate%2Ffeed%2F",""
"Boulder Valley School District","http://www.facebook.com/bouldervalleyschooldistrict","http://twitter.com/BVSDcolorado","http://www.youtube.com/channel/UCMytDeB6AkMvuml2g2tiV-g","https://www.linkedin.com/company/boulder-valley-school-district","http%3A%2F%2Fblogs.denverpost.com%2Fcoloradoclassroom%2Ftag%2Fboulder-valley-school-district%2Ffeed%2F",""
"Bowdoin College","http://facebook.com/Bowdoin","http://twitter.com/bowdoincollege ","http://www.youtube.com/user/Bowdoin1794","http://www.linkedin.com/edu/school?id=18579","http%3A%2F%2Fbowdoin.edu%2Finteractive%2Ffeedback",""
"Bowie State University","http://www.facebook.com/bowiestate","http://www.twitter.com/bowiestate","http://www.youtube.com/bsutv","http://www.linkedin.com/company/bowie-state-university","http%3A%2F%2Fwww.bowiestate.edu%2Fabout%2Fnews%2Ffeed%2F",""
"Boyd County Board of Education","https://www.facebook.com/pages/Boyd-County-Board-of-Education/466072826824959","https://twitter.com/BCPSdistrict","","","http%3A%2F%2Fwww.boyd.k12.ky.us%2FrssNews.ashx",""
"Bradley University","https://www.facebook.com/BradleyUniversity","https://twitter.com/bradleyu","http://www.youtube.com/user/BradleyUniversity","https://www.linkedin.com/edu/school?id=18246","http%3A%2F%2Fwww.topix.net%2Frss%2Fcolleges%2Fbradley-university",""
"Brazosport College","http://www.facebook.com/BrazosportCollege","http://www.twitter.com/bcgators","http://www.youtube.com/bcbluegators","https://www.linkedin.com/edu/brazosport-college-32357","http%3A%2F%2Fnews.google.com%2Fnews%3Fum%3D1%26ned%3Dus%26hl%3Den%26q%3D%2BBrazosport%2BCollege%26output%3Drss",""
"Brentwood School","https://www.facebook.com/BrentwoodSchoolLA","https://twitter.com/brentwoodschool","http://www.youtube.com/user/bwscampus/featured","https://www.linkedin.com/company/brentwood-school","http%3A%2F%2Fnews.google.com%2Fnews%3Fum%3D1%26ned%3Dus%26hl%3Den%26q%3D%2BBrentwood%2BSchool%26output%3Drss",""
"Briarcrest Christian School","https://www.facebook.com/SaintsBCS?rf=141314625904306","https://twitter.com/briarcrestalum","","https://www.linkedin.com/in/bcsalumni","http%3A%2F%2Fnews.google.com%2Fnews%3Fum%3D1%26ned%3Dus%26hl%3Den%26q%3D%2BBriarcrest%2BChristian%2BSchool%26output%3Drss",""
"Bridgewater State University","http://www.facebook.com/pages/Bridgewater-State-University/110180449037531","https://twitter.com/BridgeStateU","http://www.youtube.com/user/BridgeStateU","https://www.linkedin.com/edu/school?id=18468","http%3A%2F%2Fwww.bridgew.edu%2Fnews-rss.xml",""
"Brigham Young University - Hawaii","https://www.facebook.com/byuhawaii/info","https://twitter.com/byuhawaii","http://www.youtube.com/user/BYUHawaii","https://www.linkedin.com/edu/brigham-young-university---hawaii-20501","http%3A%2F%2Fwww.topix.com%2Frss%2Fcolleges%2Fbrigham-young-university-hawaii",""
"Bristol Virginia Public Schools","https://www.facebook.com/BristolVirginiaPublicSchools","https://twitter.com/BVPSDistrict","http://www.youtube.com/user/BristolVaSchools/","","http%3A%2F%2Fnews.google.com%2Fnews%3Fum%3D1%26ned%3Dus%26hl%3Den%26q%3D%2BBristol%2BVirginia%2BPublic%2BSchools%26output%3Drss",""
"Broadview University","http://www.facebook.com/broadviewuniversity","http://twitter.com/broadviewU","http://www.youtube.com/user/BroadviewUniversity","http://www.linkedin.com/company/broadview-university","http%3A%2F%2Fwww.broadviewuniversity.edu%2FAbout-Us%2FMedia-Relations%2FNews-Releases-Advisories%2Fctl%2Frss%2Fmid%2F13556",""
"Broward College","https://www.facebook.com/BrowardCollege","https://twitter.com/BrowardCollege","http://www.youtube.com/user/browardEdu","http://www.linkedin.com/company/broward-college","http%3A%2F%2Fnews.google.com%2Fnews%3Fum%3D1%26ned%3Dus%26hl%3Den%26q%3D%2BBroward%2BCollege%26output%3Drss",""
"Bryant University","https://www.facebook.com/bryantuniversity","https://twitter.com/bryantuniv","http://www.youtube.com/user/BryantUniv","https://www.linkedin.com/edu/school?id=19349","http%3A%2F%2Fwww.bryant.edu%2Fnews%2Fnews-rss-feed.rss%3Ftype%3DUniversity%2F",""
"Bryn Mawr College","http://www.facebook.com/BrynMawrCollege","http://twitter.com/BrynMawrCollege","http://www.youtube.com/user/BrynMawrCollege","http://www.linkedin.com/edu/bryn-mawr-college-19224","http%3A%2F%2Flits.blogs.brynmawr.edu%2Ffeed%2F",""
"Buffalo State College","https://www.facebook.com/BuffaloStateCollege","http://twitter.com/buffalostate","http://www.youtube.com/officialbuffalostate","https://www.linkedin.com/company/buffalo-state-college","http%3A%2F%2Fwww.newsandevents.buffalostate.edu%2Frss%2Fbuffstateevents.rss%2F",""
"Bunker Hill Community College","http://www.facebook.com/BHCCBoston","http://twitter.com/BHCCBoston","http://www.youtube.com/user/BHCCboston","https://www.linkedin.com/edu/school?id=20170&trk=tyah&trkInfo=tarId%3A1409331962846%2Ctas%3Abunker%20hill%20%2Cidx%3A2-1-4","http%3A%2F%2Fwww.bhcc.mass.edu%2Fnews%2Frss.xml",""
"Burbank Unified School District","https://www.facebook.com/pages/Burbank-Unified-School-District/151811338224590","http://www.twitter.com/Burbankbulldog/","","https://www.linkedin.com/company/burbank-unified-school-district","http%3A%2F%2Fnews.google.com%2Fnews%3Fum%3D1%26ned%3Dus%26hl%3Den%26q%3D%2BBurbank%2BUnified%2BSchool%2BDistrict%26output%3Drss",""
"Burkburnett ISD","http://www.facebook.com/home.php#!/pages/Burkburnett-Independent-School-District-official/134441953245164","https://twitter.com/burkburnettisd","","","http%3A%2F%2Fwww.burkburnettisd.org%2Feducation%2Frss.php%3Fsectiondetailid%3D8434%2F",""
"Burnet CISD","https://www.facebook.com/pages/Burnet-CISD/312842568793433","https://twitter.com/BurnetCISD","","","http%3A%2F%2Fburnet.schoolfusion.us%2Fmodules%2Fcms%2FannounceRss.phtml",""
"Butler University","https://www.facebook.com/butleruniversity.official","https://twitter.com/butleru","https://www.youtube.com/user/butleruniversity","https://www.linkedin.com/groups?home=&gid=85918&trk=anet_ug_hm","http%3A%2F%2Fnews.butler.edu%2F%3Fcat%3D267%26feed%3Drss2",""
"Cabrillo College","http://www.facebook.com/CabrilloCollege","http://twitter.com/CabrilloCollege","http://www.youtube.com/CabrilloCollege1","https://www.linkedin.com/edu/school?id=20435","http%3A%2F%2Fnews.google.com%2Fnews%3Fum%3D1%26ned%3Dus%26hl%3Den%26q%3D%2BCabrillo%2BCollege%26output%3Drss",""
"Cajon Valley Union School District","https://www.facebook.com/pages/Cajon-Valley-Union-School-District/179808425461617?sk=wall","https://twitter.com/CajonValleyUSD","","https://www.linkedin.com/company/cajon-valley-union-school-district","http%3A%2F%2Fnews.google.com%2Fnews%3Fum%3D1%26ned%3Dus%26hl%3Den%26q%3D%2BCajon%2BValley%2BUnion%2BSchool%2BDistrict%26output%3Drss",""
"California Health Sciences University","https://www.facebook.com/californiahealthsciencesuniversity","https://twitter.com/CHSUniv","","http://www.linkedin.com/company/3053858?trk=tyah","http%3A%2F%2Fnews.google.com%2Fnews%3Fum%3D1%26ned%3Dus%26hl%3Den%26q%3D%2BCalifornia%2BHealth%2BSciences%2BUniversity%26output%3Drss",""
"California Lutheran University","http://www.facebook.com/callutheran","http://www.twitter.com/callutheran","http://www.youtube.com/callutheran","https://www.linkedin.com/edu/california-lutheran-university-17813","http%3A%2F%2Fwww.earth.callutheran.edu%2Ffeeds%2Frss%2Fnews%2Fclu_news.xml%2F",""
"California Maritime Academy","https://www.facebook.com/californiamaritimeacademy","https://twitter.com/cal_maritime","http://www.youtube.com/calmaritimevideos","https://www.linkedin.com/edu/school?id=22480","http%3A%2F%2Fwww.csum.edu%2Fweb%2Fsupport%2Ffeed%2F-%2Fblogs%2Frss%3Fsid%3D63314%26displayStyle%3Dabstract%2F",""
"Calvary Chapel Academy","https://www.facebook.com/CalvaryChapelAcademy","","http://www.youtube.com/channel/UCMrMInQcGOng7X34bfyhzww","https://www.linkedin.com/company/calvary-chapel-christian-school","http%3A%2F%2Fnews.google.com%2Fnews%3Fum%3D1%26ned%3Dus%26hl%3Den%26q%3D%2BCalvary%2BChapel%2BAcademy%26output%3Drss",""
"Calvin College","http://www.facebook.com/calvincollege","http://twitter.com/calvincollege","http://www.youtube.com/CalvinCollege","http://www.linkedin.com/groups?gid=1449847","http%3A%2F%2Fwww.calvin.edu%2Frss%2Fnews-and-stories.html",""
"Cameron University","http://www.facebook.com/CameronUniversity","http://www.twitter.com/CameronNews","http://www.youtube.com/user/cameronaggies","https://www.linkedin.com/edu/school?id=19159","http%3A%2F%2Fwww.topix.com%2Frss%2Fcolleges%2Fcameron-university",""
"Campbell University","https://www.facebook.com/campbelluniversity","https://twitter.com/campbelledu","http://www.youtube.com/user/campbellweb","https://www.linkedin.com/edu/campbell-university-18762","http%3A%2F%2Fwww.campbell.edu%2Fnews%2Frss%2F",""
"Campbellsville University","http://www.facebook.com/campbellsvilleuniversity","http://twitter.com/campbellsvilleu","http://www.youtube.com/user/campbellsvilleedu","https://www.linkedin.com/edu/school?id=18396","http%3A%2F%2Ffeeds.feedburner.com%2Fcampbellsville_university",""
"Canisius College","http://facebook.com/canisiuscollege","http://twitter.com/canisiuscollege","http://youtube.com/CanisiusCollege","https://www.linkedin.com/edu/school?id=18925","http%3A%2F%2Fwww.canisius.edu%2Fnewsevents%2Fnews_rss.dot%2F",""
"Canton ISD","https://www.facebook.com/pages/Canton-Isd-Canton-High-School/157743914258614","https://twitter.com/cantonisd","","","http%3A%2F%2Fwww.cantonisd.net%2Fapps%2Fnews%2Frss%3Fcategoryid%3D2133",""
"Canutillo Independent School District","https://www.facebook.com/CanutilloISD?fref=ts","https://twitter.com/CanutilloISD","http://www.youtube.com/channel/UCFWkRKu67hR-TcU7Q6jh7NA?feature=watch","https://www.linkedin.com/company/canutillo-isd","http%3A%2F%2Fcanutillo.ss6.sharpschool.com%2Fsyndication%2Frss.aspx%3Ffeed%3Ddatasummary%26target_object_id%3D53008%26portal_id%3D52997%0A",""
"Cape Cod Community College","https://www.facebook.com/CapeCodCommunityCollege","https://twitter.com/CapeCodComCol","https://www.youtube.com/channel/UC_wfu_YaHy1bn5o7M-y4kOQ","https://www.linkedin.com/edu/cape-cod-community-college-20172","",""
"Cape Fear Community College","http://www.facebook.com/pages/Wilmington-NC/Cape-Fear-Community-College/8372532877","http://twitter.com/cfcc","http://www.youtube.com/user/cfccnc","https://www.linkedin.com/edu/school?id=32049","http%3A%2F%2Fnews.google.com%2Fnews%3Fum%3D1%26ned%3Dus%26hl%3Den%26q%3D%2BCape%2BFear%2BCommunity%2BCollege%26output%3Drss",""
"Capital University","https://www.facebook.com/CapitalU","https://twitter.com/Capital_U","https://www.youtube.com/capitaluniversity","http://www.linkedin.com/company/capital-university","http%3A%2F%2Fwww.topix.com%2Frss%2Fcolleges%2Fcapital-university",""
"Cardinal Cushing Centers, Inc.","https://www.facebook.com/CushingCenters","http://twitter.com/#!/CushingCenters","http://www.youtube.com/user/cushingcenters","https://www.linkedin.com/company/cardinal-cushing-centers-inc-","http%3A%2F%2Fnews.google.com%2Fnews%3Fum%3D1%26ned%3Dus%26hl%3Den%26q%3D%2BCardinal%2BCushing%2BCenters%2C%2BInc.%26output%3Drss",""
"Carleton College","http://www.facebook.com/CarletonCollege","http://www.twitter.com/CarletonCollege/","http://www.youtube.com/user/carletoncollege","http://www.linkedin.com/company/carleton-college/","http%3A%2F%2Fwww.topix.com%2Frss%2Fcolleges%2Fcarleton-college",""
"Carroll Community College","https://www.facebook.com/carrollccedu","http://twitter.com/CarrollCC","http://www.youtube.com/user/carrollccedu","https://www.linkedin.com/edu/school?id=32356","http%3A%2F%2Fnews.google.com%2Fnews%3Fum%3D1%26ned%3Dus%26hl%3Den%26q%3D%2BCarroll%2BCommunity%2BCollege%26output%3Drss",""
"Carroll University","https://www.facebook.com/carroll.university","https://twitter.com/carrollu","http://www.youtube.com/user/carrollu","http://www.linkedin.com/company/carroll-university","http%3A%2F%2Fnews.google.com%2Fnews%3Fum%3D1%26ned%3Dus%26hl%3Den%26q%3D%2BCarroll%2BUniversity%26output%3Drss",""
"Carson City School District","https://www.facebook.com/pages/Carson-City-School-District/138929479488838","","http://www.youtube.com/user/CarsonCitySchools","http://www.linkedin.com/title/teacher-at-carson-city-school-district/","http%3A%2F%2Fnews.google.com%2Fnews%3Fum%3D1%26ned%3Dus%26hl%3Den%26q%3D%2BCarson%2BCity%2BSchool%2BDistrict%26output%3Drss",""
"Catholic Diocese of East Tennessee","http://www.facebook.com/dioknox","","","","http%3A%2F%2Fnews.google.com%2Fnews%3Fum%3D1%26ned%3Dus%26hl%3Den%26q%3D%2BCatholic%2BDiocese%2Bof%2BEast%2BTennessee%26output%3Drss",""
"Catholic University of America","http://www.facebook.com/CatholicUniversity","https://twitter.com/CatholicUniv","http://www.youtube.com/user/CatholicUniversity","http://www.linkedin.com/edu/the-catholic-university-of-america-18067","http%3A%2F%2Fwww.cuatoday.com%2Fcontrols%2Fcms_v2%2Fcomponents%2Frss%2Frss.aspx%3Fsid%3D817%26gid%3D1%26calcid%3D3803%26page_id%3D61%2F",""
"Catoosa County Board of Education","https://www.facebook.com/pages/Catoosa-County-Board-of-Education/100977059943435","","","https://www.linkedin.com/title/teacher-at-catoosa-county-schools","http%3A%2F%2Fwww.catoosa.k12.ga.us%2FRSS%2FDefault.asp",""
"Cecil College","https://www.facebook.com/events/982371608470429/","https://twitter.com/CecilCollege","http://www.youtube.com/user/cecilcollege","https://www.linkedin.com/edu/school?id=32575","http%3A%2F%2Fnews.google.com%2Fnews%3Fum%3D1%26ned%3Dus%26hl%3Den%26q%3D%2BCecil%2BCollege%26output%3Drss",""
"Cecil County Public Schools","http://www.facebook.com/ccpsmd","","","https://www.linkedin.com/company/cecil-county-public-schools","http%3A%2F%2Fwww.ccps.org%2Frss.cfm%3Fa%3Devents%3Amonth%26s%3Ddistrict%26t%3D06-01-2015",""
"Cedar Crest College","https://www.facebook.com/CedarCrestCollege","https://twitter.com/cedarcrestcolle","http://www.youtube.com/user/cedarcrestcollege","https://www.linkedin.com/company/cedar-crest-college","http%3A%2F%2Fwww.cedarcrest.edu%2Fca%2Frss%2Fwhatshappening.xml",""
"Cedar Hill ISD","https://www.facebook.com/CedarHillISD","https://twitter.com/cedarhillisd","http://www.youtube.com/channel/UCDN7jAheBhYMleNBoZD_uoA","https://www.linkedin.com/company/cedar-hill-isd","http%3A%2F%2Fnews.google.com%2Fnews%3Fum%3D1%26ned%3Dus%26hl%3Den%26q%3D%2BCedar%2BHill%2BISD%26output%3Drss",""
"Cedarville University","http://www.facebook.com/cedarville","http://twitter.com/cedarville","http://www.youtube.com/cedarvilleu","https://www.linkedin.com/edu/cedarville-university-19095","http%3A%2F%2Fwww.cedarville.edu%2Fws%2FRSS%2FCampusNewsFeed.ashx%2F",""
"Central Arizona College","http://www.facebook.com/pages/Central-Arizona-College/125006174180615","http://twitter.com/#!/cacadmissions","http://www.youtube.com/user/centralazcollege","https://www.linkedin.com/edu/school?id=21219","http%3A%2F%2Fwww.25livepub.collegenet.com%2Fcalendars%2FStudentEngagement.rss%2F",""
"Central Carolina Community College","http://www.facebook.com/pages/Central-Carolina-Community-College/51179417117","http://www.twitter.com/iamcccc","http://www.youtube.com/centralcarolinacc","http://www.linkedin.com/in/centralcarolinacc","http%3A%2F%2Fwww.cccc.edu%2Fnews%2FccccNewsFEED.php",""
"Central Community College","https://www.facebook.com/CentralCommunityCollege","https://twitter.com/cccnebedu","http://www.youtube.com/channel/UCXiu6RMHyVHIzupKMVpbc5A","https://www.linkedin.com/edu/school?id=32128","http%3A%2F%2Fnews.google.com%2Fnews%3Fum%3D1%26ned%3Dus%26hl%3Den%26q%3D%2BCentral%2BCommunity%2BCollege%26output%3Drss",""
"Central New Mexico Community College","https://www.facebook.com/CNMonline","https://twitter.com/cnmonline","https://www.youtube.com/user/CNMonline","https://www.linkedin.com/edu/central-new-mexico-community-college-31958","http%3A%2F%2Fwww.cnm.edu%2Fsearch_rss%3FSubject%253Alist%3DNews",""
"Central Ohio Technical College","https://www.facebook.com/COTCCentralOhioTechnicalCollege","https://twitter.com/COTCedu","https://www.youtube.com/user/CentralOhioTech","https://www.linkedin.com/edu/school?id=32307","http%3A%2F%2Fnews.google.com%2Fnews%3Fum%3D1%26ned%3Dus%26hl%3Den%26q%3D%2BCentral%2BOhio%2BTechnical%2BCollege%26output%3Drss",""
"Central Piedmont Community College","https://www.facebook.com/centralpiedmontcc?rf=109392565754456","https://twitter.com/cpcc","http://www.youtube.com/channel/UCkpDJ8ZYjtJ4xT6YpkJRMSw","https://www.linkedin.com/edu/central-piedmont-community-college-20174","http%3A%2F%2Fwww.cpcc.edu%2Fnews%2Ffeed%2FRSS",""
"Central Unified School District","https://www.facebook.com/pages/Central-Unified-School-District/105325429506054","","","http://www.linkedin.com/title/teacher-at-central-unified-school-district/","http%3A%2F%2Fwww.centralunified.org%2FannouncementsRss.ashx%3Fid%3D340533aa-bb77-454f-a930-99c45f088705%2F",""
"Central Washington University","http://www.facebook.com/cwu.wildcats","http://twitter.com/CentralWashU","http://www.youtube.com/user/CentralWashU","https://www.linkedin.com/company/central-washington-university","http%3A%2F%2Fwww.cwu.edu%2Fcalendar%2Frss",""
"Centralia School District #401","http://www.facebook.com/centraliaschooldistrict","","","","http%3A%2F%2Fnews.google.com%2Fnews%3Fum%3D1%26ned%3Dus%26hl%3Den%26q%3D%2BCentralia%2BSchool%2BDistrict%2B%23401%26output%3Drss",""
"Centre College","https://www.facebook.com/centre","https://twitter.com/CentreC","http://www.youtube.com/user/TheCentreChannel","http://www.linkedin.com/edu/school?id=20090&trk=edu-cp-title","http%3A%2F%2Fwww.topix.com%2Frss%2Fcom%2Fcentre-college",""
"Century College","http://www.facebook.com/pages/White-Bear-Lake-MN/Century-College/188808971422","http://twitter.com/centurycollege","http://www.youtube.com/user/CenturyCollegeMN","https://www.linkedin.com/company/century-college","http%3A%2F%2Fnews.google.com%2Fnews%3Fum%3D1%26ned%3Dus%26hl%3Den%26q%3D%2BCentury%2BCollege%26output%3Drss",""
"Chabot Las Positas Community College District","http://www.facebook.com/pages/Chabot-Las-Positas-Community-College-District/165089860183897/","","","https://www.linkedin.com/edu/school?id=21265","http%3A%2F%2Fnews.google.com%2Fnews%3Fum%3D1%26ned%3Dus%26hl%3Den%26q%3D%2BChabot%2BLas%2BPositas%2BCommunity%2BCollege%2BDistrict%26output%3Drss",""
"Chamberlain International School","https://www.facebook.com/pages/Chamberlain-International-School/273095086069271","","","","http%3A%2F%2Fnews.google.com%2Fnews%3Fum%3D1%26ned%3Dus%26hl%3Den%26q%3D%2BChamberlain%2BInternational%2BSchool%26output%3Drss",""
"Chaminade University of Honolulu","https://www.facebook.com/ChaminadeUniversity","https://twitter.com/chaminade_univ","https://www.youtube.com/user/ChaminadeUniversity","https://www.linkedin.com/edu/school?id=18199","http%3A%2F%2Fnews.google.com%2Fnews%3Fum%3D1%26ned%3Dus%26hl%3Den%26q%3D%2BChaminade%2BUniversity%2Bof%2BHonolulu%26output%3Drss",""
"Champaign Community Unit School District No.4","http://www.facebook.com/pages/Champaign-Unit-4-Schools/144915725576484","https://twitter.com/Unit4Schools","","http://www.linkedin.com/company/champaign-unit-4-schoolshttps://www.linkedin.com/company/champaign-unit-4-schools/","http%3A%2F%2Fwww.champaignschools.org%2Frss.xml",""
"Champlain College","https://www.facebook.com/ChamplainEdu","https://twitter.com/ChamplainEdu","http://www.youtube.com/user/ChamplainEdu","https://www.linkedin.com/edu/school?id=19620","http%3A%2F%2Fwww.champlain.edu%2Fnews-%28taxonomy%29%2F",""
"Charles County Board of Education","https://www.facebook.com/pages/Charles-County-Board-of-Education/105538216149041","https://twitter.com/CCPS","http://www.youtube.com/user/ccpsmd","https://www.linkedin.com/company/charles-county-board-of-education","http%3A%2F%2Fwww.ccboe.com%2Fpr%2Ffeed%2F",""
"Charles R Drew University Med & Sciences","https://www.facebook.com/charlesrdrewuniversity","https://twitter.com/cdrewu","https://www.youtube.com/user/cdrewwebanalytics/feed?view_as=public","https://www.linkedin.com/company/charles-r-drew-university","http%3A%2F%2Fwww.topix.com%2Frss%2Fcolleges%2Fcharles-r-drew-university-of-medicine-science",""
"Charleston County School District","http://www.facebook.com/CCSDconnects","https://twitter.com/CCSDConnects","http://www.youtube.com/ccsdschools","http://www.linkedin.com/company/charleston-county-school-district/","http%3A%2F%2Fnews.google.com%2Fnews%3Fum%3D1%26ned%3Dus%26hl%3Den%26q%3D%2BCharleston%2BCounty%2BSchool%2BDistrict%26output%3Drss",""
"Charlotte County Public School District","http://www.facebook.com/pages/Charlotte-County-Public-Schools/107019782666335/","","","http://www.linkedin.com/company/charlotte-county-public-school/","http%3A%2F%2Fnews.google.com%2Fnews%3Fum%3D1%26ned%3Dus%26hl%3Den%26q%3D%2BCharlotte%2BCounty%2BPublic%2BSchool%2BDistrict%26output%3Drss",""
"Chatham University","https://www.facebook.com/chathamu","http://twitter.com/chathamu","http://www.youtube.com/chathamchannel/","https://www.linkedin.com/edu/school?id=19236","http%3A%2F%2Fblogs.chatham.edu%2Ffeed%2F",""
"Chattanooga State Community College","https://www.facebook.com/ChattState","https://twitter.com/ChattStateCC","https://www.youtube.com/user/ChattStateMarketing","https://www.linkedin.com/edu/chat-32033","http%3A%2F%2Fnews.google.com%2Fnews%3Fum%3D1%26ned%3Dus%26hl%3Den%26q%3D%2BChattanooga%2BState%2BCommunity%2BCollege%26output%3Drss",""
"Cheney School District","https://www.facebook.com/CheneySD","https://twitter.com/CheneyUSD268","https://www.youtube.com/channel/UCLGreYRAVgYqGGH-XrASFqA","http://www.linkedin.com/company/cheney-school-district-adm/","http%3A%2F%2Fwww.cheneysd.org%2Fsite%2FRSS.aspx%3FDomainID%3D1%26ModuleInstanceID%3D895%26PageID%3D2%2F",""
"Cherry Creek School District #5","http://www.facebook.com/pages/Cherry-Creek-Schools/184918601551711","http://twitter.com/CCSDK12","https://www.youtube.com/channel/UCvE-O7R1m60h5aH25Sm8TRg","https://www.linkedin.com/company/cherry-creek-schools","http%3A%2F%2Fnews.google.com%2Fnews%3Fum%3D1%26ned%3Dus%26hl%3Den%26q%3D%2BCherry%2BCreek%2BSchool%2BDistrict%2B%235%26output%3Drss",""
"Chesapeake College","https://www.facebook.com/ChesapeakeCollege","https://twitter.com/chescol","http://www.youtube.com/channel/UCqACnJuJJOcWDNudesNS-_w","https://www.linkedin.com/edu/school?id=32491","http%3A%2F%2Fwww.topix.com%2Frss%2Fcolleges%2Fchesapeake-college",""
"Chicago State University","http://www.facebook.com/chicagostateuniversity","http://twitter.com/#!/ChicagoState","http://www.youtube.com/user/chicagostateedu","https://www.linkedin.com/edu/school?id=18249","http%3A%2F%2Fwww.topix.com%2Frss%2Fcolleges%2Fchicago-state-university",""
"Christopher Columbus High School","https://www.facebook.com/ColumbusHighSchool","https://twitter.com/CCHSAdelante","http://www.youtube.com/user/Columbushsnews","http://www.linkedin.com/groups/Columbus-High-School-Waterloo-IA-4420641/about/","http%3A%2F%2Fwww.columbushs.com%2Ffeed.rss%3Fid%3D3",""
"Christopher Newport University","https://www.facebook.com/christophernewportuniversity","https://www.twitter.com/CNUcaptains","http://www.youtube.com/christophernewportu","https://www.linkedin.com/edu/christopher-newport-univ-19570","http%3A%2F%2Fwww.google.com%2Fcalendar%2Ffeeds%2Fcnu.edu_nc8lkroa1vsuni69jt2i1724mk%40group.calendar.google.com%2Fpublic%2Fbasic",""
"CIEE, Inc.","https://www.facebook.com/ciee","https://twitter.com/cieestudyabroad","http://www.youtube.com/user/CIEEStudyAbroad/","http://www.linkedin.com/company/ciee","http%3A%2F%2Fnews.google.com%2Fnews%3Fum%3D1%26ned%3Dus%26hl%3Den%26q%3D%2BCIEE%2C%2BInc.%26output%3Drss",""
"Cincinnati Public Schools","http://www.facebook.com/CincinnatiPublicSchools","http://twitter.com/iamcps","http://www.youtube.com/IamCPS","https://www.linkedin.com/company/cincinnati-public-schools","http%3A%2F%2Fnews.google.com%2Fnews%3Fum%3D1%26ned%3Dus%26hl%3Den%26q%3D%2BCincinnati%2BPublic%2BSchools%26output%3Drss",""
"Cincinnati State Technical & Community College","http://www.facebook.com/cincinnatistate","http://www.twitter.com/cinstate","http://www.youtube.com/user/CincinnatiStateVideo/","https://www.linkedin.com/edu/cincinnati-state-20176","http%3A%2F%2Fnews.google.com%2Fnews%3Fum%3D1%26ned%3Dus%26hl%3Den%26q%3D%2BCincinnati%2BState%2BTechnical%2B%26%2BCommunity%2BCollege%26output%3Drss",""
"City College of New York","https://www.facebook.com/pages/The-City-College-of-New-York/170858093839","https://twitter.com/citycollegeny","https://www.youtube.com/user/citycollegeofny","https://www.linkedin.com/company/city-college-of-new-york","http%3A%2F%2Fccny.cuny.edu%2Fnews%2Fnews-rss.cfm%3Fxml%3DNews%2CPressRelease",""
"City Schools of Decatur","https://www.facebook.com/cityschoolsofdecatur","https://twitter.com/DecaturSchools","","https://www.linkedin.com/company/city-schools-of-decatur","http%3A%2F%2Fnews.google.com%2Fnews%3Fum%3D1%26ned%3Dus%26hl%3Den%26q%3D%2BCity%2BSchools%2Bof%2BDecatur%26output%3Drss",""
"City University of New York (CUNY)","http://www.facebook.com/CUNYedu","https://twitter.com/#!/cunynewswire","http://www.youtube.com/user/CUNYMedia","http://www.linkedin.com/company/city-university-of-new-york","http%3A%2F%2Fwww.cuny.edu%2Fnews%2Frss.html",""
"City University of New York Herbert H Lehman College","https://www.facebook.com/LehmanCE","https://twitter.com/@LehmanCollege","http://www.youtube.com/lehmancollege","http://www.linkedin.com/groups/Lehman-College-Alumni-125665/about","http%3A%2F%2Fevents.lehman.edu%2FCalendar%2FEventList.aspx%3Fview%3DEventDetails%26eventidn%3D4289%26information_id%3D13517%26type%3D%26rss%3Drss",""
"City University of Seattle","https://www.facebook.com/cityuofseattle","https://twitter.com/cityu","http://www.youtube.com/user/cityuseattle","https://www.linkedin.com/edu/school?id=19640&trk=edu-cp-title","http%3A%2F%2Fwww.topix.com%2Frss%2Fcolleges%2Fcity-university-of-seattle",""
"Clackamas Community College","http://www.facebook.com/pages/Clackamas-Community-College/98819471827","http://twitter.com/ClackCollege","http://www.youtube.com/user/ClackamasCommCollege","http://www.linkedin.com/company/clackamas-community-college","http%3A%2F%2Fwww.clackamas.edu%2Frss.aspx",""
"Clarion University","https://www.facebook.com/clarionu","https://twitter.com/clarionu","http://www.youtube.com/user/ClarionUniversity1","https://www.linkedin.com/edu/clarion-university-of-pennsylvania-19239","http%3A%2F%2Fwww.topix.net%2Frss%2Fcolleges%2Fclarion-university-of-pennsylvania",""
"Clark County School District","https://www.facebook.com/pages/Clark-County-School-District/345886377995","https://twitter.com/#!ClarkCountySch","http://www.youtube.com/user/clarkecoschools","https://www.linkedin.com/company/clark-county-school-district","http%3A%2F%2Fwww.ccsd.net%2Fdistrict%2Frss%2F",""
"Clark University","https://www.facebook.com/pages/Clark-University/89555183497","http://www.twitter.com/clarkuniversity","http://www.youtube.com/clarkuniversity","http://www.linkedin.com/edu/school?id=18470&trk=eml-mktg-up-adlaunch-cta","http%3A%2F%2Fnews.clarku.edu%2Fnews%2Ffeed%2F",""
"Clarke County School District","http://www.facebook.com/clarkecoschools","http://www.twitter.com/clarkecoschools","http://www.youtube.com/clarkecoschools","http://www.linkedin.com/company/clarke-county-school-district","http%3A%2F%2Fnews.google.com%2Fnews%3Fum%3D1%26ned%3Dus%26hl%3Den%26q%3D%2BClarke%2BCounty%2BSchool%2BDistrict%26output%3Drss",""
"Clay County Board of Education","https://www.facebook.com/pages/Clay-County-Board-of-Education/139526526094393","https://twitter.com/ClayTrojans","","https://www.linkedin.com/company/clay-county-board-of-education","http%3A%2F%2Fwww.claycoboe.org%2FCalendar%2FApp%2Fincludes%2FGetFeeds.asp%3Fl%3D59581%26format%3Drss%26feed%3D%25271382%2C1384%2527%2F",""
"Cleveland County Schools","http://www.facebook.com/clevelandcountyschools","http://twitter.com/clevecoschools","https://www.youtube.com/channel/UCru6rmAZ1Vgdc7BeZ8nKPrg","https://www.linkedin.com/company/cleveland-county-schools","https%3A%2F%2Fsites.google.com%2Fa%2Fclevelandcountyschools.org%2Fccs%2Flatest-news%2Fposts.xml",""
"Cleveland State University","https://www.facebook.com/clevelandstateuniversity","https://twitter.com/CLE_State","http://www.youtube.com/user/CSUchannel","http://www.linkedin.com/company/cleveland-state-university","http%3A%2F%2Fwww.csuohio.edu%2Fnews%2Fnews.rss",""
"Cleveland University - Kansas City","https://www.facebook.com/CCCKansasCity","https://twitter.com/ClevelandAdmiss","http://www.youtube.com/user/clevelandcollege","http://www.linkedin.com/company/cleveland-chiropractic-college/","http%3A%2F%2Fnews.google.com%2Fnews%3Fum%3D1%26ned%3Dus%26hl%3Den%26q%3D%2BCleveland%2BUniversity%2B-%2BKansas%2BCity%26output%3Drss",""
"Clover Park Technical College","https://www.facebook.com/CloverParkTech","https://twitter.com/CloverParkTech","http://www.youtube.com/user/CloverParkTech","https://www.linkedin.com/edu/clover-park-technical-college-32414","http%3A%2F%2Fnews.google.com%2Fnews%3Fum%3D1%26ned%3Dus%26hl%3Den%26q%3D%2BClover%2BPark%2BTechnical%2BCollege%26output%3Drss",""
"Clovis Unified School District","http://www.facebook.com/pages/Clovis-Unified-School-District/113566232027443","http://twitter.com/clovisusd","http://www.youtube.com/clovisusd","","http%3A%2F%2Fnews.google.com%2Fnews%3Fum%3D1%26ned%3Dus%26hl%3Den%26q%3D%2BClovis%2BUnified%2BSchool%2BDistrict%26output%3Drss",""
"Coachella Valley Unified School District","http://facebook.com/CoachellaValleyUSD","http://twitter.com/C_V_U_S_D","http://www.youtube.com/user/CoachellaValleyUSD","http://www.linkedin.com/title/teacher-at-coachella-valley-unified-school-district/","http%3A%2F%2Fcvusd.sharpschool.net%2Fsyndication%2Frss.aspx%3Fserverid%3D5154534%26userid%3D5%26feed%3Ddatasummary%26key%3DHKVYXg%252bNRfbSFNvUCjAVhXo4I4JqA9aDab75bgbzmjs%252bzkqC3ny7F8tazbhiW0S5%252f22448hbFfp1euEOGxe3pg%253d%253d%26target_object_id%3D19413337%26portal_id%3D5154617%26v%3D2.0%26item_name%3Dportlet_xml_title%26item_description%3Dportlet_xml_summary%26item_pubdate%3Dportlet_last_modified%26max_items%3D8",""
"Coast Community College District","https://www.facebook.com/CoastCCD/","https://www.twitter.com/CoastCCD/","","https://www.linkedin.com/company/coast-community-college-district","http%3A%2F%2Fnews.google.com%2Fnews%3Fum%3D1%26ned%3Dus%26hl%3Den%26q%3D%2BCoast%2BCommunity%2BCollege%2BDistrict%26output%3Drss",""
"Coastal Bend College","https://www.facebook.com/coastalbendcollege","https://twitter.com/CBCFuture","http://www.youtube.com/user/coastalbendcollege","https://www.linkedin.com/edu/school?id=32336","http%3A%2F%2Fwww.coastalbendcollege.wordpress.com%2Ffeed%2F",""
"Coastal Carolina University","http://www.facebook.com/CoastalCarolinaUniversity","http://www.twitter.com/CCUChanticleers","http://www.youtube.com/ccuchanticleers","https://www.linkedin.com/company/coastal-carolina-university","http%3A%2F%2Fwww.25livepub.collegenet.com%2Fcalendars%2Fall-events.rss%3Fmixin%3D10862%2F",""
"Cocalico School District","https://www.facebook.com/pages/Cocalico-School-District/163690243659197","https://twitter.com/CocalicoSD","","http://www.linkedin.com/company/cocalico-school-district/","http%3A%2F%2Fnews.google.com%2Fnews%3Fum%3D1%26ned%3Dus%26hl%3Den%26q%3D%2BCocalico%2BSchool%2BDistrict%26output%3Drss",""
"Cochise College","https://www.facebook.com/pages/Cochise-College/361162632411","https://twitter.com/CochiseCollege","http://www.youtube.com/user/cochisecollege","https://www.linkedin.com/company/cochise-college","http%3A%2F%2Fnews.google.com%2Fnews%3Fum%3D1%26ned%3Dus%26hl%3Den%26q%3D%2BCochise%2BCollege%26output%3Drss",""
"Coconino Community College District","https://www.facebook.com/CoconinoCommunityCollegeOfficial","https://twitter.com/CoconinoCC","http://www.youtube.com/user/CoconinoCC","http://www.linkedin.com/company/coconino-community-college/","http%3A%2F%2Fnews.google.com%2Fnews%3Fum%3D1%26ned%3Dus%26hl%3Den%26q%3D%2BCoconino%2BCommunity%2BCollege%2BDistrict%26output%3Drss",""
"Coker College","http://www.facebook.com/cokercollege","https://twitter.com/CokerCollege","http://www.youtube.com/cokercollege","https://www.linkedin.com/edu/school?id=33032","http%3A%2F%2Fwww.topix.com%2Frss%2Fcolleges%2Fcoker-college",""
"Colby College","http://www.facebook.com/colbycollege","http://www.twitter.com/colbycollege","http://www.youtube.com/colbycollege","https://www.linkedin.com/edu/colby-college-19919","http%3A%2F%2Fwww.colby.edu%2Fnews%2F%3Ffeed%3Drss",""
"Colby Sawyer College","https://www.facebook.com/colbysawyercollege","https://twitter.com/colbysawyer","https://www.youtube.com/colbysawyercollege","http://www.linkedin.com/company/colby-sawyer-college","http%3A%2F%2Fwww.topix.com%2Frss%2Fcolleges%2Fcolby-sawyer-college",""
"College of Central Florida","http://facebook.com/cf.edu","http://twitter.com/CFedu","http://www.youtube.com/CollegeofCentralFL","https://www.linkedin.com/edu/university-of-central-florida-18118","http%3A%2F%2Fnews.google.com%2Fnews%3Fum%3D1%26ned%3Dus%26hl%3Den%26q%3D%2BCollege%2Bof%2BCentral%2BFlorida%26output%3Drss",""
"College of Charleston","https://www.facebook.com/collegeofcharleston","http://twitter.com/CofC","https://www.youtube.com/user/CollegeofCharleston","http://www.linkedin.com/edu/school?id=19364","http%3A%2F%2Fcalendar.cofc.edu%2FEventList.aspx%3Fview%3DEventDetails%26eventidn%3D7193%26information_id%3D19133%26type%3D%26rss%3Drss",""
"College of Du Page","http://www.facebook.com/collegeofdupage","http://www.twitter.com/collegedupage","http://www.youtube.com/user/CollegeofDuPage","http://www.linkedin.com/company/15489?trk=tyah","http%3A%2F%2Fwww.cod.edu%2Fnews-events%2Frss.aspx",""
"College of Lake County","http://www.facebook.com/CollegeofLakeCounty","https://twitter.com/clcnewsroom","http://www.youtube.com/user/clcpublicrelations","http://www.linkedin.com/groups?gid=4399209&trk=hb_side_g","http%3A%2F%2Fnews.google.com%2Fnews%3Fum%3D1%26ned%3Dus%26hl%3Den%26q%3D%2BCollege%2Bof%2BLake%2BCounty%26output%3Drss",""
"College of Mount St Vincent","https://www.facebook.com/pages/College-of-Mount-Saint-Vincent/287839420720","https://twitter.com/MountStVincent","http://www.youtube.com/user/CMSVDreams","https://www.linkedin.com/edu/college-of-mount-saint-vincent-18939","http%3A%2F%2Fwww.mountsaintvincent.edu%2Ffeed%2F",""
"College of Saint Benedict","http://www.facebook.com/twocolleges?ref=ts","http://twitter.com/CSBSJU","http://www.youtube.com/csbsjuvideo","https://www.linkedin.com/edu/school?id=20401","http%3A%2F%2Fwww.csbsju.edu%2Fnews%2Frss-news-feed%2F",""
"College of Saint Rose","http://www.facebook.com/TheCollegeofSaintRose","https://twitter.com/CollegeofStRose","http://www.youtube.com/user/collegeofsaintrose","http://www.linkedin.com/groups/College-Saint-Rose-Alumni-is-1190107.S.97215747","http%3A%2F%2Fstrosechronicle.com%2F%3Ffeed%3Drss2",""
"College of Southern Maryland","https://www.facebook.com/CollegeofSouthernMaryland","https://twitter.com/csmheadlines","http://www.youtube.com/user/CSMDTube","https://www.linkedin.com/edu/school?id=21342","http%3A%2F%2Fwww.csmd.edu%2Frss%2Fheadlines.php%2F",""
"College of St Elizabeth","https://www.facebook.com/CollegeOfSaintElizabeth","https://www.twitter.com/CollegeOfSaintE","http://www.youtube.com/user/CSEWebSpecialist","https://www.linkedin.com/edu/school?id=18855","http%3A%2F%2Fnews.google.com%2Fnews%3Fum%3D1%26ned%3Dus%26hl%3Den%26q%3D%2BCollege%2Bof%2BSt%2BElizabeth%26output%3Drss",""
"College of St Mary","https://www.facebook.com/CSM.Omaha","https://twitter.com/CSM_Omaha","http://www.youtube.com/user/CSMOmaha","http://www.linkedin.com/edu/college-of-saint-mary-33070","http%3A%2F%2Ffeeds.feedburner.com%2FCollegeOfSaintMary",""
"College of St. Scholastica, Inc.","http://www.facebook.com/stscholastica","http://twitter.com/stscholastica","http://www.youtube.com/saintscholastica","http://www.linkedin.com/companies/the-college-of-st.-scholastica","http%3A%2F%2Fnews.google.com%2Fnews%3Fum%3D1%26ned%3Dus%26hl%3Den%26q%3D%2BCollege%2Bof%2BSt.%2BScholastica%2C%2BInc.%26output%3Drss",""
"College of Staten Island","http://www.facebook.com/CollegeOfStatenIsland","http://twitter.com/csinews","http://www.youtube.com/user/CollegeStatenIsland","https://www.linkedin.com/company/college-of-staten-island","http%3A%2F%2Fnews.google.com%2Fnews%3Fum%3D1%26ned%3Dus%26hl%3Den%26q%3D%2BCollege%2Bof%2BStaten%2BIsland%26output%3Drss",""
"College of The Albemarle","https://www.facebook.com/CollegeofTheAlbemarle","https://twitter.com/COA_Dolphins","http://www.youtube.com/coadolphins","https://www.linkedin.com/company/college-of-the-albemarle","http%3A%2F%2Fnews.google.com%2Fnews%3Fum%3D1%26ned%3Dus%26hl%3Den%26q%3D%2BCollege%2Bof%2BThe%2BAlbemarle%26output%3Drss",""
"College of the Holy Cross","https://www.facebook.com/collegeoftheholycross","https://twitter.com/holy_cross","https://www.youtube.com/user/collegeofholycross","https://www.linkedin.com/edu/school?id=19920&goback=%2Epth_*1_*1_*1_*1_*1_*1&trk=feed-body-name","https%3A%2F%2Fwww.linkedin.com%2Fedu%2Fschool%3Fid%3D19920%26goback%3D%252Epth_%2A1_%2A1_%2A1_%2A1_%2A1_%2A1%26trk%3Dfeed-body-name","http://news.holycross.edu/?feed=in-the-news-feed"
"College of William & Mary","http://www.facebook.com/williamandmary","http://twitter.com/williamandmary","http://www.youtube.com/williamandmary","http://www.linkedin.com/edu/school?id=19598","http%3A%2F%2Fwww.topix.net%2Frss%2Fcolleges%2Fcollege-of-william-and-mary",""
"College of Wooster","https://www.facebook.com/CollegeofWooster","https://twitter.com/woosteredu","http://www.youtube.com/woosteredu","https://www.linkedin.com/edu/the-college-of-wooster-20094","http%3A%2F%2Fwww.wooster.edu%2F_resources%2Frss%2Fnews.xml%2F",""
"Collin College","http://www.facebook.com/pages/Plano-TX/Collin-College/157110755600?ref=s","http://www.twitter.com/collincollege","http://www.youtube.com/collincollege2000","https://www.linkedin.com/edu/collin-county-community-college-20095","http%3A%2F%2Fwww.feeds.feedburner.com%2FCollinNewsroom%2F",""
"Colorado Christian University","http://www.facebook.com/myCCU","https://twitter.com/my_ccu","http://www.youtube.com/ColoradoChristianU","http://www.linkedin.com/company/colorado-christian-university","http%3A%2F%2Fwww.ccu.edu%2Frss.aspx",""
"Colorado Mesa University","http://www.facebook.com/pages/Colorado-Mesa-University/165068093548114","https://twitter.com/ColoradoMesaU","http://www.youtube.com/ColoradoMesaU","https://www.linkedin.com/edu/school?id=18001","http%3A%2F%2Fwww.coloradomesa.edu%2Fwp%2Ffeed%2F",""
"Colorado Mountain College","http://www.facebook.com/ColoradoMtnCollege","https://twitter.com/colomtncollege","http://www.youtube.com/user/cmceagle","https://www.linkedin.com/edu/school?id=21323","http%3A%2F%2Fnews.google.com%2Fnews%3Fum%3D1%26ned%3Dus%26hl%3Den%26q%3D%2BColorado%2BMountain%2BCollege%26output%3Drss",""
"Colton Joint Unified School District","https://www.facebook.com/pages/The-Colton-Joint-Unified-School-District/348348188585195","https://twitter.com/acecolton","http://www.youtube.com/channel/UC5Yw9mR1DXMBa8Mqy54yjBw/","http://www.linkedin.com/title/teacher-at-colton-joint-unified-school-district/","http%3A%2F%2Fnews.google.com%2Fnews%3Fum%3D1%26ned%3Dus%26hl%3Den%26q%3D%2BColton%2BJoint%2BUnified%2BSchool%2BDistrict%26output%3Drss",""
"Columbia Basin College","https://www.facebook.com/columbiabasincollege","https://twitter.com/CBCollege","http://www.youtube.com/user/ColumbiaBasinCollege","https://www.linkedin.com/company/columbia-basin-college","http%3A%2F%2Fwww.columbiabasin.edu%2FRss.aspx%3Ftype%3D5%26paramtime%3DCurrent%2F",""
"Columbia School District","https://www.facebook.com/pages/Columbia-School-District/414156105339686","https://twitter.com/CHSRaiders","http://www.youtube.com/channel/UCsryHKxs5gz-QhA-qVaaEew/","https://www.linkedin.com/company/columbia-school-district","http%3A%2F%2Fnews.google.com%2Fnews%3Fum%3D1%26ned%3Dus%26hl%3Den%26q%3D%2BColumbia%2BSchool%2BDistrict%26output%3Drss",""
"Columbus College of Art & Design","https://www.facebook.com/ColumbusCollegeofArtandDesign","https://twitter.com/CCADedu","http://www.youtube.com/user/CCADedu","https://www.linkedin.com/edu/school?id=20032","http%3A%2F%2Fwww.ccad.edu%2Fblog%2Ffeed%2F",""
"Columbus State Community College","http://www.facebook.com/CSCC.edu","http://twitter.com/cscc_edu","http://www.youtube.com/columbusstate","http://www.linkedin.com/edu/school?id=20033&trk=tyah&trkInfo=tas%3Acolumbus%20s%2Cidx%3A2-1-2","http%3A%2F%2Fwww.cscc.edu%2F_resources%2Frss%2Fnews.xml",""
"Columbus State University","http://www.facebook.com/ColumbusState/","http://www.twitter.com/ColumbusState/","http://www.youtube.com/ColumbusStateU/","https://www.linkedin.com/edu/columbus-state-university-18150","http%3A%2F%2Fwww.continuinged.columbusstate.edu%2Ffeed%2F",""
"Comal Independent School District","https://www.facebook.com/comalisd","http://www.twitter.com/cisdnews/","http://www.youtube.com/user/cisdnews","https://www.linkedin.com/company/comal-independent-school-district","http%3A%2F%2Fnews.google.com%2Fnews%3Fum%3D1%26ned%3Dus%26hl%3Den%26q%3D%2BComal%2BIndependent%2BSchool%2BDistrict%26output%3Drss",""
"Commerce City School System","http://www.facebook.com/commercecityschools","http://www.twitter.com/commerceschools","","","http%3A%2F%2Fnews.google.com%2Fnews%3Fum%3D1%26ned%3Dus%26hl%3Den%26q%3D%2BCommerce%2BCity%2BSchool%2BSystem%26output%3Drss",""
"Commonwealth Connections Academy","http://facebook.com/connectionsacademy","http://twitter.com/connectionsacad","http://youtube.com/connectionsacademy","http://www.linkedin.com/company/commonwealth-connections-acad/","http%3A%2F%2Fnews.google.com%2Fnews%3Fum%3D1%26ned%3Dus%26hl%3Den%26q%3D%2BCommonwealth%2BConnections%2BAcademy%26output%3Drss",""
"Commonwealth Medical College","http://www.facebook.com/TCMCnepa","http://twitter.com/tcmcnepa","http://www.youtube.com/CommonwealthMedical","https://www.linkedin.com/edu/school?id=37075","http%3A%2F%2Fwww.tcmc.edu%2Frss%2FWTN.rss",""
"Community College of Baltimore County","https://www.facebook.com/ccbcmd","https://twitter.com/ccbcmd","http://www.youtube.com/ccbcmd","https://www.linkedin.com/edu/school?id=31960","http%3A%2F%2Fnews.google.com%2Fnews%3Fum%3D1%26ned%3Dus%26hl%3Den%26q%3D%2BCommunity%2BCollege%2Bof%2BBaltimore%2BCounty%26output%3Drss",""
"Community College of Philadelphia","http://www.facebook.com/CCPedu","http://www.twitter.com/CCPedu","http://www.youtube.com/user/ComCollegePhila","http://www.linkedin.com/edu/school?id=20181&trk=edu-ca-head-logo","http%3A%2F%2Fwww.ccp.edu%2Fnews%2Ffeed%2F%252A",""
"Community High School District 117","","","","https://www.linkedin.com/company/community-high-school-district-117","http%3A%2F%2Fnews.google.com%2Fnews%3Fum%3D1%26ned%3Dus%26hl%3Den%26q%3D%2BCommunity%2BHigh%2BSchool%2BDistrict%2B117%26output%3Drss",""
"Compton Unified School District","https://www.facebook.com/ComptonUnified","","http://www.youtube.com/user/ComptonSchools","http://www.linkedin.com/title/teacher-at-compton-unified-school-district/","http%3A%2F%2Fnews.google.com%2Fnews%3Fum%3D1%26ned%3Dus%26hl%3Den%26q%3D%2BCompton%2BUnified%2BSchool%2BDistrict%26output%3Drss",""
"Concorde Career Colleges, Inc.","https://www.facebook.com/ConcordeCareerInc","http://twitter.com/ConcordeCareer","http://www.youtube.com/user/Go2Concorde","https://www.linkedin.com/company/concorde-career-colleges","http%3A%2F%2Fwww.concorde.edu%2Frss",""
"Concordia College","https://www.facebook.com/concordiacollege","https://twitter.com/concordia_mn","http://www.youtube.com/user/cobberweb","https://www.linkedin.com/company/concordia-college","https%3A%2F%2Fwww.concordiacollege.edu%2Ffeeds%2Fnews%2F",""
"Concordia University - Austin","http://www.facebook.com/concordiatx","http://twitter.com/concordiatx","http://www.youtube.com/user/ConcordiaUni/","http://www.linkedin.com/edu/school?id=19459","http%3A%2F%2Fnews.google.com%2Fnews%3Fum%3D1%26ned%3Dus%26hl%3Den%26q%3D%2BConcordia%2BUniversity%2B-%2BAustin%26output%3Drss",""
"Concordia University - Chicago","https://www.facebook.com/ConcordiaUniversityChicago","http://twitter.com/#!/CUChicago","http://www.youtube.com/user/ConcordiaUChicago","http://www.linkedin.com/company/concordia-university-chicago","http%3A%2F%2Fwww.topix.com%2Frss%2Fcolleges%2Fconcordia-university-chicago",""
"Concordia University - St Paul","http://www.facebook.com/concordiauniversitystpaul","http://twitter.com/concordiastpaul","http://www.youtube.com/ConcordiaUniversity","http://www.linkedin.com/groups?gid=1017317","http%3A%2F%2Fwww.google.com%2Fcalendar%2Ffeeds%2Fcsp.edu_uf3l2r7t471pq0nm3ovat392lo%2540group.calendar.google.com%2Fpublic%2Fbasic%2F",""
"Connecticut College","https://www.facebook.com/ConnecticutCollege","http://www.twitter.com/ConnCollege","http://www.youtube.com/user/ConnecticutCollege","https://www.linkedin.com/edu/connecticut-college-18020","http%3A%2F%2Fwww.topix.com%2Frss%2Fcolleges%2Fconnecticut-college",""
"Connors State College","https://www.facebook.com/groups/1507216576201240/","https://twitter.com/connorsstate","https://www.youtube.com/user/connorsstatecollege","https://www.linkedin.com/groups?home=&gid=1087437","http%3A%2F%2Fnews.google.com%2Fnews%3Fum%3D1%26ned%3Dus%26hl%3Den%26q%3D%2BConnors%2BState%2BCollege%26output%3Drss",""
"Conroe Independent School District","https://www.facebook.com/pages/Conroe-Independent-School-District/345961782144937","https://twitter.com/ConroeISD","","https://www.linkedin.com/company/conroe-independent-school-district","http%3A%2F%2Fnews.google.com%2Fnews%3Fum%3D1%26ned%3Dus%26hl%3Den%26q%3D%2BConroe%2BIndependent%2BSchool%2BDistrict%26output%3Drss",""
"Contra Costa Community College District","http://www.facebook.com/pages/Contra-Costa-Community-College-District/159547331679?ref=hl/","http://www.twitter.com/4cdlive/","http://www.youtube.com/channel/UCdh1FZ7Fiow10hT0wOv7m3Q/","http://www.linkedin.com/company/contra-costa-community-college-district?trk=tyah&trkInfo=tas%3Acontra+costa+community%2Cidx%3A1-1-1/","http%3A%2F%2Fnews.google.com%2Fnews%3Fum%3D1%26ned%3Dus%26hl%3Den%26q%3D%2BContra%2BCosta%2BCommunity%2BCollege%2BDistrict%26output%3Drss",""
"Conway Public Schools","http://facebook.com/ConwayPublicSchools","http://twitter.com/ConwaySchools","http://www.youtube.com/channel/UCjrrss1zjNXFqGWdX_rZOcg/","http://www.linkedin.com/company/conway-public-schools/","http%3A%2F%2Ffeeds.feedburner.com%2F%7Er%2FUS_DeptOfEd%2F%7E6%2F2",""
"Corinthian Colleges, Inc.","https://www.facebook.com/pages/Corinthian-Colleges-Inc/538336392885051","https://twitter.com/cci_","http://www.youtube.com/user/corinthiancolleges/","https://www.linkedin.com/company/corinthian-colleges","http%3A%2F%2Fnews.google.com%2Fnews%3Fum%3D1%26ned%3Dus%26hl%3Den%26q%3D%2BCorinthian%2BColleges%2C%2BInc.%26output%3Drss",""
"Covenant College","http://www.facebook.com/covenant.edu","https://twitter.com/CovenantCollege","http://www.youtube.com/user/CovenantCollege/","http://www.linkedin.com/edu/covenant-college-18151","http%3A%2F%2Fcovenant.edu%2Fnews%2Farchive%2Fnewsfeed.xml",""
"Crawford AuSable School District","","","","","http%3A%2F%2Fnews.google.com%2Fnews%3Fum%3D1%26ned%3Dus%26hl%3Den%26q%3D%2BCrawford%2BAuSable%2BSchool%2BDistrict%26output%3Drss",""
"Culver Educational Foundation","http://www.facebook.com/culversummer","http://twitter.com/culveracademies","https://www.youtube.com/user/theculveracademies","http://www.linkedin.com/e/vgh/1843028/","http%3A%2F%2Fnews.culver.org%2F%3Ffeed%3Drss2",""
"Cumberland County Board of Education","https://www.facebook.com/CumberlandCoSch","http://twitter.com/cumberlandcosch","http://www.youtube.com/user/CumberlandCoSch","https://www.linkedin.com/edu/school?id=32346","http%3A%2F%2Fwww.ccschools.k12tn.net%2FRSS%2F",""
"Cumberland School Department","","http://www.twitter.com/CumberlandSchls/","http://www.youtube.com/user/CumberlandSchls","https://www.linkedin.com/company/cumberland-public-schools","http%3A%2F%2Fwww.cumberlandschools.org%2Frss.xml%2F",""
"Cuyahoga Community College","http://www.facebook.com/TriC.edu","https://twitter.com/tricedu","http://www.youtube.com/user/CuyahogaCommCollege","http://www.linkedin.com/company/cuyahoga-community-college","http%3A%2F%2Fnews.google.com%2Fnews%3Fum%3D1%26ned%3Dus%26hl%3Den%26q%3D%2BCuyahoga%2BCommunity%2BCollege%26output%3Drss",""
"Dade Medical College","https://www.facebook.com/DadeMedicalCollege","https://twitter.com/dademedical","http://www.youtube.com/user/DadeMedical","https://www.linkedin.com/company/dade-medical-college","http%3A%2F%2Fwww.dademedical.edu%2Ffeed%2F",""
"Dallas County Community College District Hqtrs","https://www.facebook.com/DCCCD/posts/10152920728705233","http://www.twitter.com/dcccd/","https://www.youtube.com/user/DCCCDCollege","http://www.linkedin.com/company/dcccd/","http%3A%2F%2Fwww.dcccd.edu%2FAU%2FMedRelate%2FNews%2FRSS%2FPages%2FRSS%2520News.aspx%2F",""
"Dallas Independent School District","http://www.facebook.com/dallasisd","http://www.twitter.com/dallasschools","http://www.youtube.com/user/DallasSchoolsTV","https://www.linkedin.com/company/dallas-isd","http%3A%2F%2Fnews.google.com%2Fnews%3Fum%3D1%26ned%3Dus%26hl%3Den%26q%3D%2BDallas%2BIndependent%2BSchool%2BDistrict%26output%3Drss",""
"Dallas School District","https://www.facebook.com/DallasSchoolDistrict","https://twitter.com/dallasschools","http://www.youtube.com/user/DSTVedu","","http%3A%2F%2Fnews.google.com%2Fnews%3Fum%3D1%26ned%3Dus%26hl%3Den%26q%3D%2BDallas%2BSchool%2BDistrict%26output%3Drss",""
"Dalton Public Schools","http://www.facebook.com/dpsschools","https://twitter.com/dpsschools","https://www.youtube.com/DaltonCitySchools/","http://www.linkedin.com/company/dalton-public-schools/","https%3A%2F%2Fdpsschools.wordpress.com%2Ffeed%2F",""
"Darlington School","http://facebook.com/darlingtonschool","http://twitter.com/darlingtontiger","http://www.youtube.com/user/DarlingtonSchool","http://www.linkedin.com/groups?gid=2388952","http%3A%2F%2Fwww.darlingtonschool.org%2Ffeeds%2Fnewtothesite.aspx",""
"Davenport University","http://www.facebook.com/DavenportU","http://www.twitter.com/davenportu","http://www.youtube.com/user/davenportweb","https://www.linkedin.com/company/davenport-university","http%3A%2F%2Fwww.topix.com%2Frss%2Fcolleges%2Fdavenport-university",""
"Daytona State College","http://www.facebook.com/pages/Daytona-State-College/111841103729","http://twitter.com/DSC_News/","http://www.youtube.com/user/DaytonaFalcon","http://www.linkedin.com/company/835780?trk=tyah","http%3A%2F%2Fwww.daytonastate.edu%2Frss%2Findex.html",""
"Dean College","https://www.facebook.com/pages/Dean-College/108432355844587","http://www.twitter.com/DeanCollege","http://www.youtube.com/user/DeanCollegeOfficial/","https://www.linkedin.com/edu/dean-collage-20999","http%3A%2F%2Fnews.google.com%2Fnews%3Fum%3D1%26ned%3Dus%26hl%3Den%26q%3D%2BDean%2BCollege%26output%3Drss",""
"Deer Park Independent School District","https://www.facebook.com/pages/Deer-Park-Independent-School-District/106750026106517","https://twitter.com/DPISD","https://www.youtube.com/channel/UCekJ4TWxDlXfXzwu2hkec9w","https://www.linkedin.com/company/deer-park-isd","http%3A%2F%2Fnews.google.com%2Fnews%3Fum%3D1%26ned%3Dus%26hl%3Den%26q%3D%2BDeer%2BPark%2BIndependent%2BSchool%2BDistrict%26output%3Drss",""
"DeKalb County School District","https://www.facebook.com/DeKalbCountySchoolDistrict","https://twitter.com/dekalbschools","http://www.youtube.com/user/1DeKalbSchools?feature=mhee","http://www.linkedin.com/title/administrator-at-dekalb-county-school-system/","http%3A%2F%2Fnews.google.com%2Fnews%3Fum%3D1%26ned%3Dus%26hl%3Den%26q%3D%2BDeKalb%2BCounty%2BSchool%2BDistrict%26output%3Drss",""
"Del Mar College","http://www.facebook.com/delmarcollege","http://twitter.com/DelMarCollege","http://www.youtube.com/delmarcollege","https://www.linkedin.com/edu/del-mar-college-21067","http%3A%2F%2Fcalendar.delmar.edu%2Fcal%2Fview_entry.php%3Fid%3D4454%26friendly%3D1%26rssuser%3D__public__%26date%3D20150706",""
"Delaware County Community College","http://www.facebook.com/DelawareCountyCommunityCollege","http://www.twitter.com/delawareCCC","http://www.youtube.com/user/DelawareCtyCommCol","http://www.linkedin.com/company/delaware-county-community-college","http%3A%2F%2Fwww.dccc.edu%2Fnews%2Frss.xml%2F",""
"Delaware State University","https://www.facebook.com/DESUedu","https://twitter.com/DelStateUniv","http://www.youtube.com/DelawareStateU","http://www.linkedin.com/company/delaware-state-university","http%3A%2F%2Fwww.desu.edu%2Frss.xml",""
"Delaware Valley College","http://www.facebook.com/delval","http://twitter.com/DelVal","https://www.youtube.com/user/DelValCollege","http://www.linkedin.com/edu/school?id=19243&trk=edu-ca-frm-cncl","http%3A%2F%2Fwww.topix.com%2Frss%2Fcolleges%2Fdelaware-valley-college",""
"Delta College","http://www.facebook.com/deltacollege/","https://twitter.com/deltacollege","http://www.youtube.com/user/DeltaCollegeMI","https://www.linkedin.com/company/delta-college","http%3A%2F%2Fapp.delta.edu%2Fnewscenter%2FRSSFeed.ashx",""
"Delta Educational Systems, Inc.","","","","http://www.linkedin.com/company/delta-educational-systems-inc/","http%3A%2F%2Fnews.google.com%2Fnews%3Fum%3D1%26ned%3Dus%26hl%3Den%26q%3D%2BDelta%2BEducational%2BSystems%2C%2BInc.%26output%3Drss",""
"Deming Public Schools","https://www.facebook.com/pages/Deming-Public-Schools/159262880760742","","","https://www.linkedin.com/company/deming-public-schools-board-of-education","http%3A%2F%2Fnews.google.com%2Fnews%3Fum%3D1%26ned%3Dus%26hl%3Den%26q%3D%2BDeming%2BPublic%2BSchools%26output%3Drss",""
"Denison University","http://www.facebook.com/denisonuniversity","https://twitter.com/DenisonU","http://www.youtube.com/user/denisonuniversity","https://www.linkedin.com/edu/denison-university-19947","http%3A%2F%2Fwww.denison.edu%2Fnews_rss.xml%2F",""
"Depauw University","http://www.facebook.com/DePauwUniversity","http://twitter.com/DePauwU","http://www.youtube.com/user/DePauwUniversity","https://www.linkedin.com/edu/school?id=19964","http%3A%2F%2Fwww.depauw.edu%2Ffeeds%2Fnews%2F",""
"Derby Public Schools","https://www.facebook.com/DerbyPublicSchools","https://twitter.com/DerbySchoolsKS","http://www.youtube.com/channel/UCR8Y45eGDj1tJQfEPlj0ycA","http://www.linkedin.com/grp/home?gid=6930882/","http%3A%2F%2Fwww.derbyps.org%2Fcalendar%2Fpage_7.rss%2F",""
"Des Moines University","https://www.facebook.com/DesMoinesUniversity","http://www.twitter.com/DesMoinesUniv","http://www.youtube.com/user/dmuedu","https://www.linkedin.com/edu/des-moines-university-18215","http%3A%2F%2Fnews.google.com%2Fnews%3Fum%3D1%26ned%3Dus%26hl%3Den%26q%3D%2BDes%2BMoines%2BUniversity%26output%3Drss",""
"DeSales University","http://www.facebook.com/desalesuniversity","http://www.twitter.com/desales","http://www.youtube.com/desalesuniversity","https://www.linkedin.com/edu/school?id=19244","http%3A%2F%2Fwww.desales.edu%2Ffeeds%2Fdesales-news",""
"Desoto Independent School District","https://www.facebook.com/pages/DeSoto-ISD/150482778314452","https://twitter.com/desotoisdengage","https://www.youtube.com/user/DeSotoISDVideo","https://www.linkedin.com/title/teacher-at-desoto-isd","http%3A%2F%2Fwww.desotoisd.org%2FRSS%2F",""
"Devereux Glenholme School","https://facebook.com/122782151084033","http://twitter.com/#!/GlenholmeSchool/","http://www.youtube.com/user/theGlenholmeSchool/","http://www.linkedin.com/company/devereux-glenholme-school/","http%3A%2F%2Fnews.google.com%2Fnews%3Fum%3D1%26ned%3Dus%26hl%3Den%26q%3D%2BDevereux%2BGlenholme%2BSchool%26output%3Drss",""
"DeVry Education Group","https://www.facebook.com/DeVryEducationGroup","https://twitter.com/devrygroup","http://www.youtube.com/user/devryeducationgroup/","http://www.linkedin.com/company/devry-education-group","http%3A%2F%2Fwww.investors.devryeducationgroup.com%2Frss%2Fprfeed.aspx%3Fiid%3D4183694%2F",""
